Full_Name,Age,Birthday,Gender,Barangay,Civil_Status,Educational_Attainment,Employment_Status,Monthly_Income,Number_of_Dependents,With_Minor,With_PWD,Disability_Category,Type_of_Solo_Parent,Duration_Months,Is_Pregnant,Eligibility,Priority_Level,Recommendation,Remarks,,,,,,,,,
Cristina Rivera,57,06/22/1969,F,San Juan,Married,Vocational,Part-Time,10455,2,No,No,N/A,Abandonment by spouse,5,0,Not Eligible,N/A,,Claimed 'Abandonment by spouse' but duration is only 5 month(s); RA 11861 requires at least 6 month(s) for this category.,,,,,,,,,
Analyn Bautista,64,10/24/1962,F,San Pablo Sur,Single,High School,Part-Time,12241,0,No,No,N/A,Pregnant woman solely responsible for unborn child,0,0,Not Eligible,N/A,,Claimed pregnancy category but not marked pregnant.,,,,,,,,,
Ramon Ramos,61,7/6/1965,M,Santisima Cruz,Single,College,Self-Employed,6911,4,Yes,No,N/A,"Legal guardian, adoptive, or foster parent",0,0,Eligible,High,"Cash Assistance, Educational Support",,,,,,,,,,
Julius Santos,45,12/2/1981,M,Calios,Separated,Vocational,Part-Time,13105,3,Yes,No,N/A,Legal or de facto separation,32,0,Eligible,High,"Cash Assistance, Educational Support, Livelihood Support",,,,,,,,,,
Angelica Gonzales,58,11/6/1968,F,San Pablo Norte,Married,Postgraduate,Part-Time,6650,5,Yes,No,N/A,Abandonment by spouse,28,0,Eligible,High,"Cash Assistance, Educational Support, Livelihood Support",,,,,,,,,,
Reynaldo Ocampo,25,9/11/2001,M,Santisima Cruz,Married,Postgraduate,Part-Time,9623,0,No,No,N/A,Physical or mental incapacity of spouse,0,0,Not Eligible,N/A,,No qualifying dependent child under the applicant's care; RA 11861 requires sole parental care and support of a child.,,,,,,,,,
Christian Del Rosario,32,11/2/1994,M,Patimbao,Married,Vocational,Part-Time,10627,5,Yes,No,N/A,Abandonment by spouse,34,0,Eligible,High,"Cash Assistance, Educational Support, Livelihood Support",,,,,,,,,,
Jose Fernandez,67,10/1/1959,M,Bubukal,Married,Postgraduate,Unemployed,2210,2,Yes,No,N/A,Detention of spouse (3+ months) or serving sentence,2,0,Not Eligible,N/A,,Claimed 'Detention of spouse (3+ months) or serving sentence' but duration is only 2 month(s); RA 11861 requires at least 3 month(s) for this category.,,,,,,,,,
Luzviminda Garcia,22,11/14/2004,F,San Pablo Sur,Single,Vocational,Employed,28963,0,No,No,N/A,Pregnant woman solely responsible for unborn child,0,0,Not Eligible,N/A,,Claimed pregnancy category but not marked pregnant.,,,,,,,,,
Teresa Garcia,31,11/7/1995,F,San Pablo Sur,Annulled,Vocational,Unemployed,4085,0,No,No,N/A,"Declaration of nullity, annulment, or divorce",0,0,Not Eligible,N/A,,No qualifying dependent child under the applicant's care; RA 11861 requires sole parental care and support of a child.,,,,,,,,,
Ligaya Fernandez,20,8/12/2006,F,San Pablo Sur,Married,Elementary,Unemployed,2564,3,Yes,No,N/A,Detention of spouse (3+ months) or serving sentence,2,0,Not Eligible,N/A,,Claimed 'Detention of spouse (3+ months) or serving sentence' but duration is only 2 month(s); RA 11861 requires at least 3 month(s) for this category.,,,,,,,,,
Christian Ocampo,25,10/20/2001,M,San Pablo Norte,Married,Postgraduate,Part-Time,8072,2,Yes,No,N/A,Detention of spouse (3+ months) or serving sentence,29,0,Eligible,High,"Cash Assistance, Educational Support, Livelihood Support",,,,,,,,,,
Noel Flores,50,02/22/1976,M,Bubukal,Widow,Postgraduate,Part-Time,7602,4,No,No,N/A,Relative within 4th civil degree assuming care,13,0,Eligible,High,"Cash Assistance, Educational Support, Livelihood Support",,,,,,,,,,
Reynaldo Flores,63,12/1/1963,M,Calios,Married,Vocational,Self-Employed,27926,0,No,No,N/A,Abandonment by spouse,27,0,Not Eligible,N/A,,No qualifying dependent child under the applicant's care; RA 11861 requires sole parental care and support of a child.,,,,,,,,,
Maria Torres,49,04/28/1977,F,San Pablo Sur,Married,Postgraduate,Employed,24512,4,Yes,No,N/A,Physical or mental incapacity of spouse,0,0,Eligible,High,Educational Support,,,,,,,,,,
Analyn Salazar,38,06/27/1988,F,San Juan,Single,College,Part-Time,7638,0,No,No,N/A,Birth of child due to rape,0,0,Not Eligible,N/A,,No qualifying dependent child under the applicant's care; RA 11861 requires sole parental care and support of a child.,,,,,,,,,
Analyn Pascual,21,09/28/2005,F,Alipit,Married,Vocational,Self-Employed,6280,2,Yes,No,N/A,Detention of spouse (3+ months) or serving sentence,24,0,Eligible,High,"Cash Assistance, Educational Support",,,,,,,,,,
Analyn Aquino,31,11/13/1995,F,Labuin,Married,Postgraduate,Part-Time,9611,0,No,No,N/A,Detention of spouse (3+ months) or serving sentence,14,0,Not Eligible,N/A,,No qualifying dependent child under the applicant's care; RA 11861 requires sole parental care and support of a child.,,,,,,,,,
Ana Salazar,39,03/14/1987,F,Alipit,Widow,College,Employed,27298,0,No,No,N/A,"Legal guardian, adoptive, or foster parent",0,0,Not Eligible,N/A,,No qualifying dependent child under the applicant's care; RA 11861 requires sole parental care and support of a child.,,,,,,,,,
Marilou Flores,55,6/11/1971,F,San Juan,Widow,College,Employed,19442,2,Yes,No,N/A,Relative within 4th civil degree assuming care,11,0,Eligible,Medium,Educational Support,,,,,,,,,,
Jose Mendoza,22,02/18/2004,M,Calios,Single,Elementary,Employed,25763,0,No,No,N/A,Relative within 4th civil degree assuming care,24,0,Not Eligible,N/A,,No qualifying dependent child under the applicant's care; RA 11861 requires sole parental care and support of a child.,,,,,,,,,
Arnel Fernandez,44,9/2/1982,M,Bagumbayan,Married,College,Employed,17079,4,Yes,No,N/A,Detention of spouse (3+ months) or serving sentence,3,0,Eligible,High,Educational Support,,,,,,,,,,
Dominic Cruz,52,12/16/1974,M,Santisima Cruz,Single,College,Unemployed,568,0,No,No,N/A,Unmarried parent who keeps and rears the child,0,0,Not Eligible,N/A,,No qualifying dependent child under the applicant's care; RA 11861 requires sole parental care and support of a child.,,,,,,,,,
Edwin Salazar,19,11/19/2007,M,Calios,Widow,Postgraduate,Self-Employed,16381,4,Yes,No,N/A,Death of spouse,0,0,Eligible,High,Educational Support,,,,,,,,,,
Jose Torres,57,09/28/1969,M,Alipit,Married,College,Unemployed,4923,5,No,No,N/A,Physical or mental incapacity of spouse,0,0,Eligible,High,"Cash Assistance, Educational Support, Livelihood Support",,,,,,,,,,
Mark Santos,29,10/14/1997,M,Labuin,Married,Postgraduate,Part-Time,11753,1,Yes,No,N/A,Abandonment by spouse,28,0,Eligible,High,"Cash Assistance, Educational Support, Livelihood Support",,,,,,,,,,
Ferdinand Aquino,24,08/13/2002,M,San Juan,Married,Postgraduate,Part-Time,8955,2,Yes,No,N/A,Detention of spouse (3+ months) or serving sentence,22,0,Eligible,High,"Cash Assistance, Educational Support, Livelihood Support",,,,,,,,,,
Ferdinand Mendoza,35,08/24/1991,M,Bagumbayan,Separated,High School,Employed,15610,3,Yes,No,N/A,Legal or de facto separation,12,0,Eligible,High,"Cash Assistance, Educational Support",,,,,,,,,,
Danilo Ramos,45,2/7/1981,M,Duhat,Single,Vocational,Self-Employed,21790,0,No,No,N/A,"Legal guardian, adoptive, or foster parent",0,0,Not Eligible,N/A,,No qualifying dependent child under the applicant's care; RA 11861 requires sole parental care and support of a child.,,,,,,,,,
Jose Villanueva,43,2/6/1983,M,Calios,Married,Elementary,Unemployed,3424,0,No,No,N/A,Birth of child due to rape,0,0,Not Eligible,N/A,,No qualifying dependent child under the applicant's care; RA 11861 requires sole parental care and support of a child.,,,,,,,,,
Danilo Torres,42,6/9/1984,M,San Pablo Norte,Separated,Elementary,Unemployed,416,0,No,No,N/A,Legal or de facto separation,10,0,Not Eligible,N/A,,No qualifying dependent child under the applicant's care; RA 11861 requires sole parental care and support of a child.,,,,,,,,,
Ligaya Pascual,62,01/20/1964,F,Calios,Widow,Vocational,Unemployed,3406,2,Yes,No,N/A,Death of spouse,0,0,Eligible,High,"Cash Assistance, Educational Support, Livelihood Support",,,,,,,,,,
Reynaldo Garcia,38,07/14/1988,M,San Pablo Sur,Widow,College,Employed,29297,1,No,No,N/A,Relative within 4th civil degree assuming care,30,0,Eligible,Medium,Educational Support,,,,,,,,,,
Ferdinand Santos,61,08/23/1965,M,Bagumbayan,Married,High School,Part-Time,9036,1,No,No,N/A,Physical or mental incapacity of spouse,0,0,Eligible,High,"Cash Assistance, Educational Support, Livelihood Support",,,,,,,,,,
Edwin Rivera,23,01/20/2003,M,San Pablo Sur,Married,College,Unemployed,2197,4,No,No,N/A,Physical or mental incapacity of spouse,0,0,Eligible,High,"Cash Assistance, Educational Support, Livelihood Support",,,,,,,,,,
Noel Rivera,41,7/6/1985,M,San Pablo Norte,Married,Vocational,Part-Time,10584,0,No,No,N/A,Physical or mental incapacity of spouse,0,0,Not Eligible,N/A,,No qualifying dependent child under the applicant's care; RA 11861 requires sole parental care and support of a child.,,,,,,,,,
Luzviminda Cruz,43,09/21/1983,F,Duhat,Annulled,College,Employed,13873,0,No,No,N/A,"Declaration of nullity, annulment, or divorce",0,0,Not Eligible,N/A,,No qualifying dependent child under the applicant's care; RA 11861 requires sole parental care and support of a child.,,,,,,,,,
Jose Villanueva,66,11/22/1960,M,San Pablo Norte,Married,High School,Employed,13828,0,No,No,N/A,Physical or mental incapacity of spouse,0,0,Not Eligible,N/A,,No qualifying dependent child under the applicant's care; RA 11861 requires sole parental care and support of a child.,,,,,,,,,
Maria Mendoza,36,2/8/1990,F,Bubukal,Married,Elementary,Self-Employed,9926,3,Yes,No,N/A,Detention of spouse (3+ months) or serving sentence,23,0,Eligible,High,"Cash Assistance, Educational Support",,,,,,,,,,
Ana Cruz,64,11/15/1962,F,San Juan,Married,College,Self-Employed,5948,4,Yes,No,N/A,Detention of spouse (3+ months) or serving sentence,30,0,Eligible,High,"Cash Assistance, Educational Support",,,,,,,,,,
Dominic Villanueva,36,7/5/1990,M,Santisima Cruz,Widow,High School,Part-Time,9932,2,Yes,No,N/A,"Legal guardian, adoptive, or foster parent",0,0,Eligible,High,"Cash Assistance, Educational Support, Livelihood Support",,,,,,,,,,
Mark Castillo,65,3/11/1961,M,Bagumbayan,Annulled,High School,Unemployed,10,2,Yes,No,N/A,"Declaration of nullity, annulment, or divorce",0,0,Eligible,High,"Cash Assistance, Educational Support, Livelihood Support",,,,,,,,,,
Corazon Gonzales,63,07/22/1963,F,Labuin,Single,Postgraduate,Part-Time,6869,5,Yes,No,N/A,Unmarried parent who keeps and rears the child,0,0,Eligible,High,"Cash Assistance, Educational Support, Livelihood Support",,,,,,,,,,
Edwin Flores,54,12/24/1972,M,Alipit,Single,Elementary,Part-Time,9972,5,Yes,Yes,Intellectual/Developmental,Unmarried parent who keeps and rears the child,0,0,Eligible,High,"Cash Assistance, Educational Support, Health Support, Livelihood Support",,,,,,,,,,
Luzviminda Fernandez,22,11/13/2004,F,Bubukal,Married,High School,Self-Employed,20095,3,No,No,N/A,Abandonment by spouse,28,0,Eligible,High,Educational Support,,,,,,,,,,
Josephine Santos,34,2/1/1992,F,Bagumbayan,Widow,College,Employed,10733,1,Yes,No,N/A,Death of spouse,0,0,Eligible,High,"Cash Assistance, Educational Support",,,,,,,,,,
Noel Villanueva,42,05/22/1984,M,Patimbao,Married,Postgraduate,Unemployed,159,5,Yes,No,N/A,Abandonment by spouse,14,0,Eligible,High,"Cash Assistance, Educational Support, Livelihood Support",,,,,,,,,,
Roberto Rivera,21,04/20/2005,M,Bubukal,Married,Vocational,Unemployed,60,3,Yes,No,N/A,Abandonment by spouse,4,0,Not Eligible,N/A,,Claimed 'Abandonment by spouse' but duration is only 4 month(s); RA 11861 requires at least 6 month(s) for this category.,,,,,,,,,
Marilou Del Rosario,65,04/25/1961,F,San Juan,Married,College,Unemployed,3824,2,No,Yes,Sensory (Visual/Hearing),Detention of spouse (3+ months) or serving sentence,13,0,Eligible,High,"Cash Assistance, Educational Support, Health Support, Livelihood Support",,,,,,,,,,
Analyn Santos,51,11/13/1975,F,San Juan,Widow,Elementary,Part-Time,5559,0,No,No,N/A,"Legal guardian, adoptive, or foster parent",0,0,Not Eligible,N/A,,No qualifying dependent child under the applicant's care; RA 11861 requires sole parental care and support of a child.,,,,,,,,,
Dominic Rivera,49,01/22/1977,M,Patimbao,Married,High School,Part-Time,8520,5,Yes,No,N/A,Abandonment by spouse,9,0,Eligible,High,"Cash Assistance, Educational Support, Livelihood Support",,,,,,,,,,
Julius Salazar,55,09/26/1971,M,Labuin,Separated,Elementary,Self-Employed,17956,0,No,No,N/A,Legal or de facto separation,5,0,Not Eligible,N/A,,Claimed 'Legal or de facto separation' but duration is only 5 month(s); RA 11861 requires at least 6 month(s) for this category.,,,,,,,,,
Luzviminda Villanueva,60,12/28/1966,F,San Pablo Sur,Married,Postgraduate,Unemployed,1502,0,No,No,N/A,"Legal guardian, adoptive, or foster parent",0,0,Not Eligible,N/A,,No qualifying dependent child under the applicant's care; RA 11861 requires sole parental care and support of a child.,,,,,,,,,
Grace Ocampo,39,1/4/1987,F,Bagumbayan,Married,College,Employed,13679,0,No,No,N/A,Birth of child due to rape,0,0,Not Eligible,N/A,,No qualifying dependent child under the applicant's care; RA 11861 requires sole parental care and support of a child.,,,,,,,,,
Edwin Rivera,28,1/4/1998,M,San Juan,Single,High School,Unemployed,1316,3,No,No,N/A,Relative within 4th civil degree assuming care,23,0,Eligible,High,"Cash Assistance, Educational Support, Livelihood Support",,,,,,,,,,
Marilou Cruz,40,2/9/1986,F,Bubukal,Married,Vocational,Part-Time,11663,4,Yes,No,N/A,Abandonment by spouse,28,0,Eligible,High,"Cash Assistance, Educational Support, Livelihood Support",,,,,,,,,,
Ligaya Cruz,38,7/4/1988,F,Labuin,Married,Elementary,Self-Employed,38403,4,No,No,N/A,Spouse/family member/guardian of an OFW,8,0,Not Eligible,N/A,,Claimed 'Spouse/family member/guardian of an OFW' but duration is only 8 month(s); RA 11861 requires at least 12 month(s) for this category.,,,,,,,,,
Maria Rivera,53,08/17/1973,F,Labuin,Single,College,Self-Employed,30422,5,No,No,N/A,Unmarried parent who keeps and rears the child,0,0,Eligible,High,Educational Support,,,,,,,,,,
Noel Garcia,49,3/3/1977,M,Labuin,Married,Elementary,Self-Employed,4984,0,No,No,N/A,Detention of spouse (3+ months) or serving sentence,8,0,Not Eligible,N/A,,No qualifying dependent child under the applicant's care; RA 11861 requires sole parental care and support of a child.,,,,,,,,,
Ferdinand Aquino,53,8/4/1973,M,Alipit,Married,Postgraduate,Employed,65295,3,Yes,Yes,Sensory (Visual/Hearing),Relative within 4th civil degree assuming care,2,0,Not Eligible,N/A,,Claimed 'Relative within 4th civil degree assuming care' but duration is only 2 month(s); RA 11861 requires at least 6 month(s) for this category.,,,,,,,,,
Luzviminda Villanueva,66,9/8/1960,F,Calios,Married,Elementary,Self-Employed,15655,3,Yes,No,N/A,Relative within 4th civil degree assuming care,10,0,Eligible,High,"Cash Assistance, Educational Support",,,,,,,,,,
Christian Dela Cruz,62,12/6/1964,M,Santisima Cruz,Widow,Vocational,Employed,35808,2,Yes,No,N/A,"Legal guardian, adoptive, or foster parent",0,0,Eligible,Medium,Educational Support,,,,,,,,,,
Roberto Reyes,42,05/20/1984,M,Bubukal,Married,Elementary,Employed,21710,5,Yes,No,N/A,Abandonment by spouse,5,0,Not Eligible,N/A,,Claimed 'Abandonment by spouse' but duration is only 5 month(s); RA 11861 requires at least 6 month(s) for this category.,,,,,,,,,
Rosalinda Pascual,66,05/20/1960,F,Calios,Married,Elementary,Self-Employed,10304,1,No,No,N/A,Spouse/family member/guardian of an OFW,17,0,Eligible,High,"Cash Assistance, Educational Support",,,,,,,,,,
Cristina Rivera,33,8/2/1993,F,San Pablo Sur,Married,High School,Unemployed,873,3,No,No,N/A,Detention of spouse (3+ months) or serving sentence,8,0,Eligible,High,"Cash Assistance, Educational Support, Livelihood Support",,,,,,,,,,
Grace Bautista,41,4/8/1985,F,Labuin,Single,Postgraduate,Employed,14020,0,No,No,N/A,Pregnant woman solely responsible for unborn child,0,1,Eligible,High,Cash Assistance,,,,,,,,,,
Marites Fernandez,39,05/27/1987,F,Alipit,Annulled,Vocational,Self-Employed,9036,2,No,No,N/A,"Declaration of nullity, annulment, or divorce",0,0,Eligible,High,"Cash Assistance, Educational Support",,,,,,,,,,
Jose Salazar,31,03/25/1995,M,Bubukal,Married,Vocational,Employed,41384,1,Yes,No,N/A,"Legal guardian, adoptive, or foster parent",0,0,Eligible,Medium,Educational Support,,,,,,,,,,
Ferdinand Fernandez,65,10/20/1961,M,San Pablo Sur,Married,Vocational,Part-Time,15142,5,No,No,N/A,"Legal guardian, adoptive, or foster parent",0,0,Eligible,High,"Cash Assistance, Educational Support, Livelihood Support",,,,,,,,,,
Angelica Dela Cruz,65,03/17/1961,F,Patimbao,Single,Elementary,Part-Time,11259,0,No,Yes,Physical,Pregnant woman solely responsible for unborn child,0,0,Not Eligible,N/A,,Claimed pregnancy category but not marked pregnant.,,,,,,,,,
Cristina Aquino,29,2/7/1997,F,Bubukal,Single,Vocational,Unemployed,2409,0,No,No,N/A,Pregnant woman solely responsible for unborn child,0,0,Not Eligible,N/A,,Claimed pregnancy category but not marked pregnant.,,,,,,,,,
Dominic Villanueva,68,12/16/1958,M,Alipit,Annulled,Vocational,Employed,34667,3,No,No,N/A,"Declaration of nullity, annulment, or divorce",0,0,Eligible,High,Educational Support,,,,,,,,,,
Arnel Rivera,21,8/10/2005,M,Alipit,Married,High School,Self-Employed,14462,4,No,No,N/A,Relative within 4th civil degree assuming care,30,0,Eligible,High,"Cash Assistance, Educational Support",,,,,,,,,,
Ronald Dela Cruz,65,07/23/1961,M,Santisima Cruz,Widow,High School,Self-Employed,13648,0,No,No,N/A,Death of spouse,0,0,Not Eligible,N/A,,No qualifying dependent child under the applicant's care; RA 11861 requires sole parental care and support of a child.,,,,,,,,,
Carmela Ramos,38,07/22/1988,F,San Pablo Norte,Married,Postgraduate,Self-Employed,22127,4,Yes,No,N/A,Abandonment by spouse,0,0,Not Eligible,N/A,,Claimed 'Abandonment by spouse' but duration is only 0 month(s); RA 11861 requires at least 6 month(s) for this category.,,,,,,,,,
Grace Gonzales,19,10/12/2007,F,Calios,Single,Elementary,Part-Time,8466,1,Yes,No,N/A,Unmarried parent who keeps and rears the child,0,0,Eligible,High,"Cash Assistance, Educational Support, Livelihood Support",,,,,,,,,,
Edwin Garcia,52,8/6/1974,M,San Juan,Widow,Elementary,Part-Time,9307,3,Yes,Yes,Physical,Death of spouse,0,0,Eligible,High,"Cash Assistance, Educational Support, Health Support, Livelihood Support",,,,,,,,,,
Analyn Villanueva,52,07/25/1974,F,Labuin,Married,Elementary,Unemployed,902,0,No,No,N/A,Physical or mental incapacity of spouse,0,0,Not Eligible,N/A,,No qualifying dependent child under the applicant's care; RA 11861 requires sole parental care and support of a child.,,,,,,,,,
Luzviminda Flores,58,2/9/1968,F,Bagumbayan,Married,Elementary,Employed,37709,4,Yes,No,N/A,Physical or mental incapacity of spouse,0,0,Eligible,High,Educational Support,,,,,,,,,,
Jose Flores,23,6/10/2003,M,Calios,Married,High School,Employed,20428,0,No,Yes,Sensory (Visual/Hearing),Spouse/family member/guardian of an OFW,22,0,Not Eligible,N/A,,No qualifying dependent child under the applicant's care; RA 11861 requires sole parental care and support of a child.,,,,,,,,,
Josephine Santos,40,05/23/1986,F,San Pablo Sur,Single,Postgraduate,Part-Time,10936,2,Yes,No,N/A,Birth of child due to rape,0,0,Eligible,High,"Cash Assistance, Educational Support, Livelihood Support",,,,,,,,,,
Joy Torres,62,11/27/1964,F,Patimbao,Separated,College,Part-Time,8498,2,Yes,No,N/A,Legal or de facto separation,0,0,Not Eligible,N/A,,Claimed 'Legal or de facto separation' but duration is only 0 month(s); RA 11861 requires at least 6 month(s) for this category.,,,,,,,,,
Dominic Pascual,61,11/15/1965,M,Santisima Cruz,Married,Vocational,Employed,18306,0,No,Yes,Mental/Psychosocial,Abandonment by spouse,33,0,Not Eligible,N/A,,No qualifying dependent child under the applicant's care; RA 11861 requires sole parental care and support of a child.,,,,,,,,,
Ramon Fernandez,50,1/6/1976,M,San Juan,Married,Vocational,Self-Employed,28277,3,No,No,N/A,Detention of spouse (3+ months) or serving sentence,8,0,Eligible,High,Educational Support,,,,,,,,,,
Mark Pascual,34,06/25/1992,M,Bagumbayan,Annulled,Postgraduate,Self-Employed,12941,5,Yes,No,N/A,"Declaration of nullity, annulment, or divorce",0,0,Eligible,High,"Cash Assistance, Educational Support",,,,,,,,,,
Cristina Del Rosario,20,1/9/2006,F,Santisima Cruz,Married,College,Self-Employed,18650,4,No,No,N/A,Spouse/family member/guardian of an OFW,38,0,Eligible,High,Educational Support,,,,,,,,,,
Mark Castillo,41,03/24/1985,M,Calios,Widow,High School,Employed,28252,0,No,No,N/A,Death of spouse,0,0,Not Eligible,N/A,,No qualifying dependent child under the applicant's care; RA 11861 requires sole parental care and support of a child.,,,,,,,,,
Joy Dela Cruz,26,09/13/2000,F,Bagumbayan,Widow,Postgraduate,Part-Time,12181,5,Yes,No,N/A,Death of spouse,0,0,Eligible,High,"Cash Assistance, Educational Support, Livelihood Support",,,,,,,,,,
Noel Ocampo,28,11/22/1998,M,Duhat,Separated,Vocational,Employed,10247,5,No,No,N/A,Legal or de facto separation,23,0,Eligible,High,"Cash Assistance, Educational Support",,,,,,,,,,
Dominic Reyes,49,12/24/1977,M,Bubukal,Separated,College,Unemployed,1709,0,No,No,N/A,Legal or de facto separation,5,0,Not Eligible,N/A,,Claimed 'Legal or de facto separation' but duration is only 5 month(s); RA 11861 requires at least 6 month(s) for this category.,,,,,,,,,
Josephine Aquino,31,6/7/1995,F,Alipit,Separated,Postgraduate,Employed,12478,2,Yes,No,N/A,Legal or de facto separation,14,0,Eligible,High,"Cash Assistance, Educational Support",,,,,,,,,,
Joy Salazar,39,5/10/1987,F,Duhat,Widow,College,Self-Employed,24700,5,Yes,No,N/A,"Legal guardian, adoptive, or foster parent",0,0,Eligible,High,Educational Support,,,,,,,,,,
Ronald Garcia,45,12/24/1981,M,San Pablo Norte,Single,Vocational,Employed,23736,3,Yes,No,N/A,Birth of child due to rape,0,0,Eligible,High,Educational Support,,,,,,,,,,
Marites Flores,51,12/1/1975,F,Alipit,Married,High School,Unemployed,5255,3,Yes,No,N/A,Physical or mental incapacity of spouse,0,0,Eligible,High,"Cash Assistance, Educational Support, Livelihood Support",,,,,,,,,,
Carmela Salazar,42,02/19/1984,F,San Pablo Sur,Married,Elementary,Self-Employed,29310,4,No,No,N/A,Relative within 4th civil degree assuming care,27,0,Eligible,High,Educational Support,,,,,,,,,,
Analyn Mendoza,43,05/15/1983,F,Calios,Single,High School,Employed,20741,0,No,No,N/A,Pregnant woman solely responsible for unborn child,0,0,Not Eligible,N/A,,Claimed pregnancy category but not marked pregnant.,,,,,,,,,
Jose Rivera,49,03/17/1977,M,San Juan,Widow,College,Self-Employed,4343,3,No,No,N/A,Death of spouse,0,0,Eligible,High,"Cash Assistance, Educational Support",,,,,,,,,,
Josephine Rivera,51,10/7/1975,F,Calios,Married,Vocational,Part-Time,14540,4,No,No,N/A,Detention of spouse (3+ months) or serving sentence,2,0,Not Eligible,N/A,,Claimed 'Detention of spouse (3+ months) or serving sentence' but duration is only 2 month(s); RA 11861 requires at least 3 month(s) for this category.,,,,,,,,,
Carmela Ocampo,35,4/8/1991,F,San Juan,Single,Elementary,Part-Time,6042,2,Yes,No,N/A,Birth of child due to rape,0,0,Eligible,High,"Cash Assistance, Educational Support, Livelihood Support",,,,,,,,,,
Josephine Gonzales,20,2/11/2006,F,San Pablo Norte,Widow,College,Employed,67628,0,No,No,N/A,Relative within 4th civil degree assuming care,26,0,Not Eligible,N/A,,No qualifying dependent child under the applicant's care; RA 11861 requires sole parental care and support of a child.,,,,,,,,,
Mark Salazar,61,4/10/1965,M,San Pablo Sur,Single,High School,Employed,17194,0,No,No,N/A,Relative within 4th civil degree assuming care,14,0,Not Eligible,N/A,,No qualifying dependent child under the applicant's care; RA 11861 requires sole parental care and support of a child.,,,,,,,,,
Ligaya Fernandez,38,5/5/1988,F,Calios,Single,High School,Self-Employed,8730,0,No,No,N/A,Pregnant woman solely responsible for unborn child,0,0,Not Eligible,N/A,,Claimed pregnancy category but not marked pregnant.,,,,,,,,,
Corazon Rivera,39,5/7/1987,F,San Juan,Married,Elementary,Employed,25395,2,No,No,N/A,Spouse/family member/guardian of an OFW,10,0,Not Eligible,N/A,,Claimed 'Spouse/family member/guardian of an OFW' but duration is only 10 month(s); RA 11861 requires at least 12 month(s) for this category.,,,,,,,,,
Angelica Pascual,24,10/27/2002,F,Bagumbayan,Separated,Vocational,Part-Time,10714,4,No,No,N/A,Legal or de facto separation,11,0,Eligible,High,"Cash Assistance, Educational Support, Livelihood Support",,,,,,,,,,
Reynaldo Pascual,52,01/22/1974,M,Alipit,Widow,College,Part-Time,11058,5,Yes,No,N/A,Death of spouse,0,0,Eligible,High,"Cash Assistance, Educational Support, Livelihood Support",,,,,,,,,,
Arnel Flores,44,11/9/1982,M,Bagumbayan,Married,College,Unemployed,1164,0,No,No,N/A,Abandonment by spouse,34,0,Not Eligible,N/A,,No qualifying dependent child under the applicant's care; RA 11861 requires sole parental care and support of a child.,,,,,,,,,
Dominic Pascual,64,07/28/1962,M,Duhat,Married,Vocational,Part-Time,7777,0,No,No,N/A,Physical or mental incapacity of spouse,0,0,Not Eligible,N/A,,No qualifying dependent child under the applicant's care; RA 11861 requires sole parental care and support of a child.,,,,,,,,,
Julius Rivera,25,8/8/2001,M,Calios,Widow,Postgraduate,Self-Employed,16191,2,Yes,No,N/A,Relative within 4th civil degree assuming care,23,0,Eligible,Medium,Educational Support,,,,,,,,,,
Ligaya Salazar,60,02/18/1966,F,Labuin,Married,Elementary,Employed,21102,5,No,No,N/A,Relative within 4th civil degree assuming care,20,0,Eligible,High,Educational Support,,,,,,,,,,
Ana Cruz,51,03/25/1975,F,Alipit,Single,Vocational,Self-Employed,17274,3,Yes,No,N/A,Unmarried parent who keeps and rears the child,0,0,Eligible,High,Educational Support,,,,,,,,,,
Jose Del Rosario,49,04/13/1977,M,San Pablo Norte,Single,Elementary,Self-Employed,8040,1,Yes,No,N/A,"Legal guardian, adoptive, or foster parent",0,0,Eligible,High,"Cash Assistance, Educational Support",,,,,,,,,,
Joy Flores,67,05/19/1959,F,Santisima Cruz,Married,Vocational,Self-Employed,3001,1,Yes,No,N/A,Spouse/family member/guardian of an OFW,26,0,Eligible,High,"Cash Assistance, Educational Support",,,,,,,,,,
Mark Fernandez,22,09/25/2004,M,San Pablo Sur,Married,College,Unemployed,1399,0,No,No,N/A,Birth of child due to rape,0,0,Not Eligible,N/A,,No qualifying dependent child under the applicant's care; RA 11861 requires sole parental care and support of a child.,,,,,,,,,
Carmela Garcia,54,07/24/1972,F,Labuin,Married,Postgraduate,Part-Time,9734,3,Yes,No,N/A,Abandonment by spouse,14,0,Eligible,High,"Cash Assistance, Educational Support, Livelihood Support",,,,,,,,,,
Ferdinand Villanueva,37,7/9/1989,M,Calios,Widow,Elementary,Employed,16075,0,No,Yes,Physical,Death of spouse,0,0,Not Eligible,N/A,,No qualifying dependent child under the applicant's care; RA 11861 requires sole parental care and support of a child.,,,,,,,,,
Teresa Reyes,29,07/25/1997,F,San Pablo Sur,Single,Elementary,Self-Employed,13888,1,No,No,N/A,Unmarried parent who keeps and rears the child,0,0,Eligible,High,"Cash Assistance, Educational Support",,,,,,,,,,
Marites Ocampo,45,02/22/1981,F,Labuin,Single,High School,Part-Time,9275,4,No,No,N/A,"Legal guardian, adoptive, or foster parent",0,0,Eligible,High,"Cash Assistance, Educational Support, Livelihood Support",,,,,,,,,,
Maria Flores,39,09/13/1987,F,San Pablo Norte,Single,Elementary,Self-Employed,37485,0,No,No,N/A,Pregnant woman solely responsible for unborn child,0,1,Eligible,Low,Health Support,,,,,,,,,,
Christian Garcia,23,05/24/2003,M,Bagumbayan,Married,College,Employed,10028,0,No,No,N/A,Spouse/family member/guardian of an OFW,27,0,Not Eligible,N/A,,No qualifying dependent child under the applicant's care; RA 11861 requires sole parental care and support of a child.,,,,,,,,,
Noel Reyes,39,02/19/1987,M,Bagumbayan,Married,Elementary,Part-Time,9814,1,Yes,No,N/A,Detention of spouse (3+ months) or serving sentence,2,0,Not Eligible,N/A,,Claimed 'Detention of spouse (3+ months) or serving sentence' but duration is only 2 month(s); RA 11861 requires at least 3 month(s) for this category.,,,,,,,,,
Arnel Salazar,46,12/12/1980,M,Calios,Widow,Elementary,Unemployed,450,0,No,No,N/A,Relative within 4th civil degree assuming care,28,0,Not Eligible,N/A,,No qualifying dependent child under the applicant's care; RA 11861 requires sole parental care and support of a child.,,,,,,,,,
Ronald Flores,41,5/7/1985,M,Duhat,Single,College,Part-Time,5813,3,Yes,No,N/A,"Legal guardian, adoptive, or foster parent",0,0,Eligible,High,"Cash Assistance, Educational Support, Livelihood Support",,,,,,,,,,
Marilou Dela Cruz,31,10/12/1995,F,Bubukal,Single,Vocational,Employed,22519,0,No,No,N/A,Pregnant woman solely responsible for unborn child,0,0,Not Eligible,N/A,,Claimed pregnancy category but not marked pregnant.,,,,,,,,,
Carmela Villanueva,35,09/13/1991,F,Patimbao,Single,High School,Unemployed,169,0,No,No,N/A,Pregnant woman solely responsible for unborn child,0,0,Not Eligible,N/A,,Claimed pregnancy category but not marked pregnant.,,,,,,,,,
Noel Castillo,41,06/26/1985,M,Patimbao,Single,College,Unemployed,2043,0,No,No,N/A,Unmarried parent who keeps and rears the child,0,0,Not Eligible,N/A,,No qualifying dependent child under the applicant's care; RA 11861 requires sole parental care and support of a child.,,,,,,,,,
Rosalinda Fernandez,64,4/7/1962,F,Bagumbayan,Separated,High School,Unemployed,1958,5,Yes,No,N/A,Legal or de facto separation,31,0,Eligible,High,"Cash Assistance, Educational Support, Livelihood Support",,,,,,,,,,
Julius Flores,39,08/15/1987,M,Duhat,Single,Elementary,Self-Employed,35837,4,Yes,No,N/A,"Legal guardian, adoptive, or foster parent",0,0,Eligible,High,Educational Support,,,,,,,,,,
Marites Ramos,60,2/1/1966,F,Calios,Widow,High School,Unemployed,504,4,Yes,Yes,Intellectual/Developmental,Death of spouse,0,0,Eligible,High,"Cash Assistance, Educational Support, Health Support, Livelihood Support",,,,,,,,,,
Julius Pascual,36,4/2/1990,M,Alipit,Single,College,Part-Time,6469,0,No,No,N/A,Unmarried parent who keeps and rears the child,0,0,Not Eligible,N/A,,No qualifying dependent child under the applicant's care; RA 11861 requires sole parental care and support of a child.,,,,,,,,,
Cristina Ramos,32,1/3/1994,F,Bagumbayan,Married,High School,Self-Employed,9232,0,No,Yes,Mental/Psychosocial,"Legal guardian, adoptive, or foster parent",0,0,Not Eligible,N/A,,No qualifying dependent child under the applicant's care; RA 11861 requires sole parental care and support of a child.,,,,,,,,,
Roberto Bautista,45,11/7/1981,M,Santisima Cruz,Married,Elementary,Self-Employed,7718,0,No,No,N/A,Birth of child due to rape,0,0,Not Eligible,N/A,,No qualifying dependent child under the applicant's care; RA 11861 requires sole parental care and support of a child.,,,,,,,,,
Carmela Aquino,25,2/11/2001,F,Alipit,Married,Elementary,Employed,8925,0,No,No,N/A,"Legal guardian, adoptive, or foster parent",0,0,Not Eligible,N/A,,No qualifying dependent child under the applicant's care; RA 11861 requires sole parental care and support of a child.,,,,,,,,,
Ramon Flores,21,3/8/2005,M,San Pablo Norte,Married,College,Unemployed,665,2,No,No,N/A,"Legal guardian, adoptive, or foster parent",0,0,Eligible,High,"Cash Assistance, Educational Support, Livelihood Support",,,,,,,,,,
Arnel Ramos,54,08/17/1972,M,Bagumbayan,Separated,Vocational,Part-Time,11556,0,No,No,N/A,Legal or de facto separation,13,0,Not Eligible,N/A,,No qualifying dependent child under the applicant's care; RA 11861 requires sole parental care and support of a child.,,,,,,,,,
Mark Fernandez,50,12/19/1976,M,San Pablo Norte,Married,College,Part-Time,7110,5,No,No,N/A,Detention of spouse (3+ months) or serving sentence,32,0,Eligible,High,"Cash Assistance, Educational Support, Livelihood Support",,,,,,,,,,
Carmela Torres,68,8/3/1958,F,Santisima Cruz,Widow,Elementary,Self-Employed,50311,0,No,No,N/A,"Legal guardian, adoptive, or foster parent",0,0,Not Eligible,N/A,,No qualifying dependent child under the applicant's care; RA 11861 requires sole parental care and support of a child.,,,,,,,,,
Roberto Fernandez,31,07/13/1995,M,Calios,Annulled,College,Employed,11509,3,No,No,N/A,"Declaration of nullity, annulment, or divorce",0,0,Eligible,High,"Cash Assistance, Educational Support",,,,,,,,,,
Angelica Rivera,25,8/12/2001,F,Calios,Annulled,College,Part-Time,5936,0,No,No,N/A,"Declaration of nullity, annulment, or divorce",0,0,Not Eligible,N/A,,No qualifying dependent child under the applicant's care; RA 11861 requires sole parental care and support of a child.,,,,,,,,,
Danilo Flores,34,3/11/1992,M,Patimbao,Married,Elementary,Unemployed,502,2,Yes,No,N/A,"Legal guardian, adoptive, or foster parent",0,0,Eligible,High,"Cash Assistance, Educational Support, Livelihood Support",,,,,,,,,,
Carmela Gonzales,53,07/23/1973,F,San Pablo Norte,Married,College,Employed,11894,0,No,No,N/A,Physical or mental incapacity of spouse,0,0,Not Eligible,N/A,,No qualifying dependent child under the applicant's care; RA 11861 requires sole parental care and support of a child.,,,,,,,,,
Noel Fernandez,56,9/4/1970,M,Patimbao,Married,Postgraduate,Unemployed,518,3,Yes,No,N/A,Physical or mental incapacity of spouse,0,0,Eligible,High,"Cash Assistance, Educational Support, Livelihood Support",,,,,,,,,,
Noel Mendoza,56,3/1/1970,M,Bubukal,Married,Elementary,Unemployed,719,5,Yes,No,N/A,Abandonment by spouse,12,0,Eligible,High,"Cash Assistance, Educational Support, Livelihood Support",,,,,,,,,,
Luzviminda Garcia,23,07/28/2003,F,San Pablo Sur,Married,Vocational,Part-Time,11386,3,Yes,No,N/A,Detention of spouse (3+ months) or serving sentence,25,0,Eligible,High,"Cash Assistance, Educational Support, Livelihood Support",,,,,,,,,,
Ramon Villanueva,63,06/25/1963,M,Santisima Cruz,Widow,College,Unemployed,1097,3,Yes,No,N/A,Relative within 4th civil degree assuming care,6,0,Eligible,High,"Cash Assistance, Educational Support, Livelihood Support",,,,,,,,,,
Edwin Ramos,42,10/16/1984,M,Santisima Cruz,Separated,Elementary,Self-Employed,13214,2,Yes,No,N/A,Legal or de facto separation,4,0,Not Eligible,N/A,,Claimed 'Legal or de facto separation' but duration is only 4 month(s); RA 11861 requires at least 6 month(s) for this category.,,,,,,,,,
Ramon Santos,47,01/26/1979,M,Alipit,Single,Elementary,Part-Time,9650,0,No,No,N/A,Relative within 4th civil degree assuming care,5,0,Not Eligible,N/A,,Claimed 'Relative within 4th civil degree assuming care' but duration is only 5 month(s); RA 11861 requires at least 6 month(s) for this category.,,,,,,,,,
Josephine Cruz,57,03/28/1969,F,San Pablo Norte,Single,College,Part-Time,9214,0,No,No,N/A,Pregnant woman solely responsible for unborn child,0,0,Not Eligible,N/A,,Claimed pregnancy category but not marked pregnant.,,,,,,,,,
Maria Garcia,47,12/26/1979,F,San Pablo Norte,Widow,Postgraduate,Part-Time,9642,5,Yes,No,N/A,Death of spouse,0,0,Eligible,High,"Cash Assistance, Educational Support, Livelihood Support",,,,,,,,,,
Ramon Garcia,40,05/27/1986,M,San Juan,Married,Vocational,Unemployed,154,3,No,No,N/A,Abandonment by spouse,6,0,Eligible,High,"Cash Assistance, Educational Support, Livelihood Support",,,,,,,,,,
Ligaya Reyes,58,12/23/1968,F,Calios,Widow,College,Unemployed,929,0,No,Yes,Sensory (Visual/Hearing),Death of spouse,0,0,Not Eligible,N/A,,No qualifying dependent child under the applicant's care; RA 11861 requires sole parental care and support of a child.,,,,,,,,,
Cristina Del Rosario,42,4/1/1984,F,Duhat,Single,Postgraduate,Employed,10008,0,No,No,N/A,Pregnant woman solely responsible for unborn child,0,0,Not Eligible,N/A,,Claimed pregnancy category but not marked pregnant.,,,,,,,,,
Ligaya Villanueva,45,2/2/1981,F,Alipit,Widow,College,Self-Employed,31944,0,No,No,N/A,Relative within 4th civil degree assuming care,26,0,Not Eligible,N/A,,No qualifying dependent child under the applicant's care; RA 11861 requires sole parental care and support of a child.,,,,,,,,,
Dominic Bautista,24,09/14/2002,M,San Pablo Norte,Single,Postgraduate,Employed,16829,5,Yes,No,N/A,Birth of child due to rape,0,0,Eligible,High,Educational Support,,,,,,,,,,
Edwin Salazar,27,11/24/1999,M,Patimbao,Married,Postgraduate,Employed,13206,0,No,No,N/A,Birth of child due to rape,0,0,Not Eligible,N/A,,No qualifying dependent child under the applicant's care; RA 11861 requires sole parental care and support of a child.,,,,,,,,,
Corazon Bautista,37,08/20/1989,F,Labuin,Single,College,Employed,14341,0,No,No,N/A,Pregnant woman solely responsible for unborn child,0,0,Not Eligible,N/A,,Claimed pregnancy category but not marked pregnant.,,,,,,,,,
Maria Ocampo,33,10/3/1993,F,Patimbao,Married,Vocational,Employed,14073,0,No,No,N/A,Birth of child due to rape,0,0,Not Eligible,N/A,,No qualifying dependent child under the applicant's care; RA 11861 requires sole parental care and support of a child.,,,,,,,,,
Marites Del Rosario,60,3/8/1966,F,Bubukal,Widow,College,Self-Employed,8739,0,No,Yes,Mental/Psychosocial,Death of spouse,0,0,Not Eligible,N/A,,No qualifying dependent child under the applicant's care; RA 11861 requires sole parental care and support of a child.,,,,,,,,,
Rosalinda Mendoza,42,01/23/1984,F,Duhat,Married,Elementary,Employed,5000,0,No,No,N/A,Detention of spouse (3+ months) or serving sentence,24,0,Not Eligible,N/A,,No qualifying dependent child under the applicant's care; RA 11861 requires sole parental care and support of a child.,,,,,,,,,
Dominic Villanueva,58,10/8/1968,M,Bagumbayan,Married,College,Self-Employed,9839,4,Yes,No,N/A,Detention of spouse (3+ months) or serving sentence,0,0,Not Eligible,N/A,,Claimed 'Detention of spouse (3+ months) or serving sentence' but duration is only 0 month(s); RA 11861 requires at least 3 month(s) for this category.,,,,,,,,,
Marites Fernandez,46,02/24/1980,F,Labuin,Annulled,High School,Part-Time,11746,1,Yes,Yes,Sensory (Visual/Hearing),"Declaration of nullity, annulment, or divorce",0,0,Eligible,High,"Cash Assistance, Educational Support, Health Support, Livelihood Support",,,,,,,,,,
Julius Garcia,60,05/27/1966,M,San Pablo Sur,Married,Elementary,Self-Employed,13161,2,Yes,No,N/A,Spouse/family member/guardian of an OFW,34,0,Eligible,High,"Cash Assistance, Educational Support",,,,,,,,,,
Marites Ramos,53,7/6/1973,F,Duhat,Married,Vocational,Part-Time,4890,1,No,No,N/A,Spouse/family member/guardian of an OFW,26,0,Eligible,High,"Cash Assistance, Educational Support, Livelihood Support",,,,,,,,,,
Maria Villanueva,68,05/24/1958,F,Patimbao,Married,High School,Self-Employed,8988,1,Yes,No,N/A,Spouse/family member/guardian of an OFW,39,0,Eligible,High,"Cash Assistance, Educational Support",,,,,,,,,,
Dominic Salazar,39,6/1/1987,M,Labuin,Married,Vocational,Employed,18622,5,Yes,No,N/A,Physical or mental incapacity of spouse,0,0,Eligible,High,Educational Support,,,,,,,,,,
Cristina Ocampo,40,12/24/1986,F,Santisima Cruz,Single,Vocational,Part-Time,10468,0,No,No,N/A,Pregnant woman solely responsible for unborn child,0,0,Not Eligible,N/A,,Claimed pregnancy category but not marked pregnant.,,,,,,,,,
Noel Rivera,52,9/5/1974,M,San Pablo Sur,Married,College,Unemployed,1474,2,No,No,N/A,Detention of spouse (3+ months) or serving sentence,24,0,Eligible,High,"Cash Assistance, Educational Support, Livelihood Support",,,,,,,,,,
Ana Bautista,58,04/28/1968,F,Bagumbayan,Separated,Elementary,Employed,22495,3,Yes,No,N/A,Legal or de facto separation,3,0,Not Eligible,N/A,,Claimed 'Legal or de facto separation' but duration is only 3 month(s); RA 11861 requires at least 6 month(s) for this category.,,,,,,,,,
Ronald Villanueva,27,12/26/1999,M,Duhat,Single,Postgraduate,Self-Employed,16453,0,No,No,N/A,"Legal guardian, adoptive, or foster parent",0,0,Not Eligible,N/A,,No qualifying dependent child under the applicant's care; RA 11861 requires sole parental care and support of a child.,,,,,,,,,
Reynaldo Torres,48,01/27/1978,M,Bubukal,Single,College,Unemployed,2335,0,No,No,N/A,Unmarried parent who keeps and rears the child,0,0,Not Eligible,N/A,,No qualifying dependent child under the applicant's care; RA 11861 requires sole parental care and support of a child.,,,,,,,,,
Maria Castillo,68,3/12/1958,F,Labuin,Separated,Postgraduate,Self-Employed,35178,0,No,No,N/A,Legal or de facto separation,29,0,Not Eligible,N/A,,No qualifying dependent child under the applicant's care; RA 11861 requires sole parental care and support of a child.,,,,,,,,,
Cristina Cruz,59,11/19/1967,F,San Juan,Married,High School,Unemployed,494,5,No,No,N/A,Birth of child due to rape,0,0,Eligible,High,"Cash Assistance, Educational Support, Livelihood Support",,,,,,,,,,
Carmela Gonzales,30,02/17/1996,F,Alipit,Single,Elementary,Part-Time,11016,0,No,No,N/A,Pregnant woman solely responsible for unborn child,0,0,Not Eligible,N/A,,Claimed pregnancy category but not marked pregnant.,,,,,,,,,
Dominic Castillo,21,10/27/2005,M,Alipit,Married,Vocational,Part-Time,6684,2,Yes,No,N/A,Abandonment by spouse,15,0,Eligible,High,"Cash Assistance, Educational Support, Livelihood Support",,,,,,,,,,
Angelica Dela Cruz,62,07/23/1964,F,Patimbao,Single,College,Employed,14898,0,No,Yes,Sensory (Visual/Hearing),Birth of child due to rape,0,0,Not Eligible,N/A,,No qualifying dependent child under the applicant's care; RA 11861 requires sole parental care and support of a child.,,,,,,,,,
Noel Salazar,62,7/12/1964,M,San Pablo Sur,Married,Elementary,Self-Employed,24055,4,Yes,No,N/A,Detention of spouse (3+ months) or serving sentence,3,0,Eligible,High,Educational Support,,,,,,,,,,
Grace Mendoza,44,4/9/1982,F,Calios,Annulled,Elementary,Employed,26264,2,Yes,No,N/A,"Declaration of nullity, annulment, or divorce",0,0,Eligible,Medium,Educational Support,,,,,,,,,,
Marites Ocampo,43,1/2/1983,F,Duhat,Married,High School,Part-Time,12969,5,No,No,N/A,Abandonment by spouse,15,0,Eligible,High,"Cash Assistance, Educational Support, Livelihood Support",,,,,,,,,,
Ferdinand Garcia,67,10/20/1959,M,Alipit,Annulled,High School,Part-Time,9720,0,No,No,N/A,"Declaration of nullity, annulment, or divorce",0,0,Not Eligible,N/A,,No qualifying dependent child under the applicant's care; RA 11861 requires sole parental care and support of a child.,,,,,,,,,
Arnel Rivera,57,01/20/1969,M,Labuin,Married,Vocational,Unemployed,128,0,No,No,N/A,Physical or mental incapacity of spouse,0,0,Not Eligible,N/A,,No qualifying dependent child under the applicant's care; RA 11861 requires sole parental care and support of a child.,,,,,,,,,
Josephine Dela Cruz,50,3/12/1976,F,Bubukal,Married,Vocational,Employed,22088,0,No,Yes,Intellectual/Developmental,Abandonment by spouse,31,0,Not Eligible,N/A,,No qualifying dependent child under the applicant's care; RA 11861 requires sole parental care and support of a child.,,,,,,,,,
Ramon Aquino,37,04/20/1989,M,Bubukal,Married,College,Self-Employed,10288,0,No,Yes,Mental/Psychosocial,Physical or mental incapacity of spouse,0,0,Not Eligible,N/A,,No qualifying dependent child under the applicant's care; RA 11861 requires sole parental care and support of a child.,,,,,,,,,
Josephine Flores,36,7/6/1990,F,Santisima Cruz,Widow,Postgraduate,Employed,16879,1,Yes,No,N/A,Death of spouse,0,0,Eligible,Medium,Educational Support,,,,,,,,,,
Josephine Castillo,48,06/20/1978,F,Patimbao,Widow,College,Self-Employed,6193,0,No,No,N/A,"Legal guardian, adoptive, or foster parent",0,0,Not Eligible,N/A,,No qualifying dependent child under the applicant's care; RA 11861 requires sole parental care and support of a child.,,,,,,,,,
Josephine Fernandez,24,10/9/2002,F,San Juan,Married,Postgraduate,Self-Employed,8275,2,Yes,No,N/A,Physical or mental incapacity of spouse,0,0,Eligible,High,"Cash Assistance, Educational Support",,,,,,,,,,
Cristina Villanueva,68,11/18/1958,F,Alipit,Single,Postgraduate,Unemployed,1451,5,Yes,No,N/A,Birth of child due to rape,0,0,Eligible,High,"Cash Assistance, Educational Support, Livelihood Support",,,,,,,,,,
Luzviminda Flores,41,5/9/1985,F,Calios,Married,Postgraduate,Self-Employed,20697,0,No,No,N/A,Detention of spouse (3+ months) or serving sentence,1,0,Not Eligible,N/A,,Claimed 'Detention of spouse (3+ months) or serving sentence' but duration is only 1 month(s); RA 11861 requires at least 3 month(s) for this category.,,,,,,,,,
Ligaya Ocampo,66,08/21/1960,F,Alipit,Single,Vocational,Self-Employed,15636,0,No,No,N/A,Pregnant woman solely responsible for unborn child,0,0,Not Eligible,N/A,,Claimed pregnancy category but not marked pregnant.,,,,,,,,,
Analyn Salazar,20,05/21/2006,F,Bubukal,Separated,Postgraduate,Self-Employed,6767,2,Yes,No,N/A,Legal or de facto separation,33,0,Eligible,High,"Cash Assistance, Educational Support",,,,,,,,,,
Roberto Castillo,32,6/1/1994,M,San Pablo Sur,Married,Vocational,Employed,21965,0,No,No,N/A,Detention of spouse (3+ months) or serving sentence,0,0,Not Eligible,N/A,,Claimed 'Detention of spouse (3+ months) or serving sentence' but duration is only 0 month(s); RA 11861 requires at least 3 month(s) for this category.,,,,,,,,,
Josephine Mendoza,55,09/15/1971,F,San Pablo Norte,Married,Elementary,Part-Time,9671,0,No,No,N/A,Physical or mental incapacity of spouse,0,0,Not Eligible,N/A,,No qualifying dependent child under the applicant's care; RA 11861 requires sole parental care and support of a child.,,,,,,,,,
Arnel Reyes,47,04/21/1979,M,Bagumbayan,Married,Postgraduate,Unemployed,1454,0,No,No,N/A,Birth of child due to rape,0,0,Not Eligible,N/A,,No qualifying dependent child under the applicant's care; RA 11861 requires sole parental care and support of a child.,,,,,,,,,
Julius Ramos,23,09/15/2003,M,Santisima Cruz,Married,Elementary,Self-Employed,6969,0,No,No,N/A,Spouse/family member/guardian of an OFW,34,0,Not Eligible,N/A,,No qualifying dependent child under the applicant's care; RA 11861 requires sole parental care and support of a child.,,,,,,,,,
Reynaldo Reyes,59,12/11/1967,M,Bubukal,Married,College,Unemployed,8000,5,Yes,Yes,Physical,Relative within 4th civil degree assuming care,3,0,Not Eligible,N/A,,Claimed 'Relative within 4th civil degree assuming care' but duration is only 3 month(s); RA 11861 requires at least 6 month(s) for this category.,,,,,,,,,
Marites Torres,55,6/6/1971,F,Bubukal,Married,Elementary,Employed,19688,5,Yes,No,N/A,Detention of spouse (3+ months) or serving sentence,26,0,Eligible,High,Educational Support,,,,,,,,,,
Edwin Ocampo,51,12/14/1975,M,San Juan,Married,Postgraduate,Employed,29316,1,No,No,N/A,Relative within 4th civil degree assuming care,4,0,Not Eligible,N/A,,Claimed 'Relative within 4th civil degree assuming care' but duration is only 4 month(s); RA 11861 requires at least 6 month(s) for this category.,,,,,,,,,
Mark Dela Cruz,27,10/13/1999,M,Duhat,Married,Elementary,Employed,22071,3,No,No,N/A,Physical or mental incapacity of spouse,0,0,Eligible,High,Educational Support,,,,,,,,,,
Maria Bautista,51,10/28/1975,F,Calios,Separated,Vocational,Self-Employed,26068,2,Yes,Yes,Sensory (Visual/Hearing),Legal or de facto separation,31,0,Eligible,High,"Educational Support, Health Support",,,,,,,,,,
Josephine Dela Cruz,49,10/17/1977,F,Labuin,Married,High School,Part-Time,8428,0,No,No,N/A,Birth of child due to rape,0,0,Not Eligible,N/A,,No qualifying dependent child under the applicant's care; RA 11861 requires sole parental care and support of a child.,,,,,,,,,
Ana Dela Cruz,58,10/21/1968,F,Alipit,Single,Elementary,Part-Time,16365,0,No,No,N/A,Birth of child due to rape,0,0,Not Eligible,N/A,,No qualifying dependent child under the applicant's care; RA 11861 requires sole parental care and support of a child.,,,,,,,,,
Noel Gonzales,23,09/25/2003,M,Calios,Married,Elementary,Employed,17679,4,Yes,No,N/A,"Legal guardian, adoptive, or foster parent",0,0,Eligible,High,Educational Support,,,,,,,,,,
Christian Aquino,20,5/7/2006,M,San Pablo Norte,Widow,Vocational,Employed,11592,0,No,No,N/A,Death of spouse,0,0,Not Eligible,N/A,,No qualifying dependent child under the applicant's care; RA 11861 requires sole parental care and support of a child.,,,,,,,,,
Christian Aquino,24,10/8/2002,M,Bubukal,Single,Postgraduate,Employed,24126,1,Yes,No,N/A,Relative within 4th civil degree assuming care,11,0,Eligible,Medium,Educational Support,,,,,,,,,,
Cristina Bautista,51,06/18/1975,F,Duhat,Annulled,Vocational,Part-Time,12539,2,Yes,No,N/A,"Declaration of nullity, annulment, or divorce",0,0,Eligible,High,"Cash Assistance, Educational Support, Livelihood Support",,,,,,,,,,
Jose Castillo,57,04/13/1969,M,Bubukal,Married,Vocational,Unemployed,51,0,No,Yes,Mental/Psychosocial,Spouse/family member/guardian of an OFW,14,0,Not Eligible,N/A,,No qualifying dependent child under the applicant's care; RA 11861 requires sole parental care and support of a child.,,,,,,,,,
Julius Ramos,55,11/14/1971,M,Bubukal,Annulled,High School,Self-Employed,14190,0,No,No,N/A,"Declaration of nullity, annulment, or divorce",0,0,Not Eligible,N/A,,No qualifying dependent child under the applicant's care; RA 11861 requires sole parental care and support of a child.,,,,,,,,,
Analyn Torres,65,01/17/1961,F,Bubukal,Married,Vocational,Unemployed,958,0,No,No,N/A,Physical or mental incapacity of spouse,0,0,Not Eligible,N/A,,No qualifying dependent child under the applicant's care; RA 11861 requires sole parental care and support of a child.,,,,,,,,,
Rosalinda Santos,65,12/5/1961,F,Alipit,Single,High School,Part-Time,11312,0,No,No,N/A,Pregnant woman solely responsible for unborn child,0,1,Eligible,High,"Cash Assistance, Livelihood Support",,,,,,,,,,
Teresa Villanueva,41,12/18/1985,F,Duhat,Annulled,Vocational,Self-Employed,23487,1,No,No,N/A,"Declaration of nullity, annulment, or divorce",0,0,Eligible,Medium,Educational Support,,,,,,,,,,
Analyn Pascual,53,2/2/1973,F,Calios,Married,College,Unemployed,1868,3,Yes,No,N/A,Abandonment by spouse,10,0,Eligible,High,"Cash Assistance, Educational Support, Livelihood Support",,,,,,,,,,
Ligaya Mendoza,68,04/21/1958,F,San Juan,Married,Vocational,Part-Time,7385,3,Yes,Yes,Physical,Physical or mental incapacity of spouse,0,0,Eligible,High,"Cash Assistance, Educational Support, Health Support, Livelihood Support",,,,,,,,,,
Marilou Mendoza,27,05/23/1999,F,Calios,Separated,High School,Unemployed,2207,0,No,No,N/A,Legal or de facto separation,11,0,Not Eligible,N/A,,No qualifying dependent child under the applicant's care; RA 11861 requires sole parental care and support of a child.,,,,,,,,,
Reynaldo Ramos,62,3/3/1964,M,Bagumbayan,Annulled,Elementary,Employed,6551,2,No,No,N/A,"Declaration of nullity, annulment, or divorce",0,0,Eligible,High,"Cash Assistance, Educational Support",,,,,,,,,,
Ana Cruz,30,09/27/1996,F,Calios,Married,Elementary,Part-Time,3260,5,Yes,No,N/A,Abandonment by spouse,31,0,Eligible,High,"Cash Assistance, Educational Support, Livelihood Support",,,,,,,,,,
Ramon Rivera,56,2/1/1970,M,San Pablo Norte,Single,High School,Employed,13916,5,Yes,No,N/A,Unmarried parent who keeps and rears the child,0,0,Eligible,High,"Cash Assistance, Educational Support",,,,,,,,,,
Josephine Ramos,44,5/10/1982,F,Bagumbayan,Married,Elementary,Self-Employed,15674,4,Yes,No,N/A,Relative within 4th civil degree assuming care,20,0,Eligible,High,"Cash Assistance, Educational Support",,,,,,,,,,
Danilo Torres,53,10/12/1973,M,Patimbao,Single,Elementary,Unemployed,100,5,Yes,No,N/A,Unmarried parent who keeps and rears the child,0,0,Eligible,High,"Cash Assistance, Educational Support, Livelihood Support",,,,,,,,,,
Roberto Gonzales,58,8/12/1968,M,Calios,Married,Vocational,Employed,23764,0,No,No,N/A,Physical or mental incapacity of spouse,0,0,Not Eligible,N/A,,No qualifying dependent child under the applicant's care; RA 11861 requires sole parental care and support of a child.,,,,,,,,,
Angelica Santos,38,09/17/1988,F,Santisima Cruz,Single,High School,Unemployed,1348,0,No,No,N/A,Pregnant woman solely responsible for unborn child,0,0,Not Eligible,N/A,,Claimed pregnancy category but not marked pregnant.,,,,,,,,,
Marites Castillo,23,8/10/2003,F,Bubukal,Married,Elementary,Part-Time,11572,0,No,No,N/A,Abandonment by spouse,25,0,Not Eligible,N/A,,No qualifying dependent child under the applicant's care; RA 11861 requires sole parental care and support of a child.,,,,,,,,,
Luzviminda Villanueva,45,11/16/1981,F,Bagumbayan,Widow,High School,Employed,16269,5,No,No,N/A,Death of spouse,0,0,Eligible,High,Educational Support,,,,,,,,,,
Dominic Rivera,47,5/4/1979,M,San Juan,Married,Elementary,Self-Employed,24276,1,Yes,No,N/A,Abandonment by spouse,9,0,Eligible,Medium,Educational Support,,,,,,,,,,
Josephine Villanueva,62,10/23/1964,F,Calios,Married,Elementary,Unemployed,89,4,Yes,No,N/A,Physical or mental incapacity of spouse,0,0,Eligible,High,"Cash Assistance, Educational Support, Livelihood Support",,,,,,,,,,
Grace Dela Cruz,59,03/21/1967,F,San Juan,Widow,Vocational,Employed,16108,4,No,Yes,Mental/Psychosocial,Relative within 4th civil degree assuming care,8,0,Eligible,High,"Educational Support, Health Support",,,,,,,,,,
Dominic Reyes,54,06/17/1972,M,Labuin,Married,High School,Employed,14730,0,No,No,N/A,"Legal guardian, adoptive, or foster parent",0,0,Not Eligible,N/A,,No qualifying dependent child under the applicant's care; RA 11861 requires sole parental care and support of a child.,,,,,,,,,
Corazon Bautista,57,2/11/1969,F,Santisima Cruz,Married,High School,Unemployed,1021,2,Yes,No,N/A,Physical or mental incapacity of spouse,0,0,Eligible,High,"Cash Assistance, Educational Support, Livelihood Support",,,,,,,,,,
Josephine Santos,63,3/11/1963,F,Duhat,Married,College,Unemployed,931,5,Yes,No,N/A,Abandonment by spouse,28,0,Eligible,High,"Cash Assistance, Educational Support, Livelihood Support",,,,,,,,,,
Mark Garcia,37,07/13/1989,M,Alipit,Married,Vocational,Employed,17973,0,No,No,N/A,Physical or mental incapacity of spouse,0,0,Not Eligible,N/A,,No qualifying dependent child under the applicant's care; RA 11861 requires sole parental care and support of a child.,,,,,,,,,
Luzviminda Flores,55,8/12/1971,F,San Pablo Norte,Single,Postgraduate,Employed,28071,0,No,No,N/A,Pregnant woman solely responsible for unborn child,0,1,Eligible,Low,Health Support,,,,,,,,,,
Dominic Garcia,31,2/5/1995,M,San Pablo Sur,Married,Vocational,Self-Employed,9702,4,No,No,N/A,Physical or mental incapacity of spouse,0,0,Eligible,High,"Cash Assistance, Educational Support",,,,,,,,,,
Mark Villanueva,47,07/23/1979,M,Calios,Separated,Vocational,Unemployed,52,5,Yes,No,N/A,Legal or de facto separation,16,0,Eligible,High,"Cash Assistance, Educational Support, Livelihood Support",,,,,,,,,,
Rosalinda Fernandez,58,04/24/1968,F,Labuin,Single,Postgraduate,Part-Time,5766,0,No,No,N/A,Pregnant woman solely responsible for unborn child,0,1,Eligible,High,"Cash Assistance, Livelihood Support",,,,,,,,,,
Rosalinda Cruz,21,12/3/2005,F,Duhat,Married,Postgraduate,Unemployed,2648,1,No,No,N/A,Detention of spouse (3+ months) or serving sentence,0,0,Not Eligible,N/A,,Claimed 'Detention of spouse (3+ months) or serving sentence' but duration is only 0 month(s); RA 11861 requires at least 3 month(s) for this category.,,,,,,,,,
Rosalinda Torres,52,04/23/1974,F,Duhat,Married,College,Employed,70771,3,No,No,N/A,"Legal guardian, adoptive, or foster parent",0,0,Eligible,High,Educational Support,,,,,,,,,,
Maria Fernandez,19,11/1/2007,F,Labuin,Married,College,Unemployed,5225,4,No,No,N/A,Detention of spouse (3+ months) or serving sentence,28,0,Eligible,High,"Cash Assistance, Educational Support, Livelihood Support",,,,,,,,,,
Danilo Flores,34,1/5/1992,M,Santisima Cruz,Married,Vocational,Part-Time,7776,1,Yes,No,N/A,Spouse/family member/guardian of an OFW,41,0,Eligible,High,"Cash Assistance, Educational Support, Livelihood Support",,,,,,,,,,
Danilo Torres,62,07/20/1964,M,San Juan,Married,Elementary,Employed,12037,5,Yes,Yes,Mental/Psychosocial,Abandonment by spouse,16,0,Eligible,High,"Cash Assistance, Educational Support, Health Support",,,,,,,,,,
Arnel Rivera,38,11/24/1988,M,San Juan,Widow,Vocational,Self-Employed,12170,1,Yes,No,N/A,"Legal guardian, adoptive, or foster parent",0,0,Eligible,High,"Cash Assistance, Educational Support",,,,,,,,,,
Marilou Torres,40,06/19/1986,F,Calios,Married,College,Employed,10273,0,No,No,N/A,Detention of spouse (3+ months) or serving sentence,9,0,Not Eligible,N/A,,No qualifying dependent child under the applicant's care; RA 11861 requires sole parental care and support of a child.,,,,,,,,,
Grace Flores,40,4/5/1986,F,Alipit,Married,Postgraduate,Part-Time,7592,0,No,No,N/A,Physical or mental incapacity of spouse,0,0,Not Eligible,N/A,,No qualifying dependent child under the applicant's care; RA 11861 requires sole parental care and support of a child.,,,,,,,,,
Ligaya Ramos,60,4/1/1966,F,Duhat,Married,Postgraduate,Employed,11211,2,No,No,N/A,Abandonment by spouse,0,0,Not Eligible,N/A,,Claimed 'Abandonment by spouse' but duration is only 0 month(s); RA 11861 requires at least 6 month(s) for this category.,,,,,,,,,
Joy Cruz,54,4/10/1972,F,Bagumbayan,Single,Vocational,Unemployed,641,0,No,No,N/A,Pregnant woman solely responsible for unborn child,0,0,Not Eligible,N/A,,Claimed pregnancy category but not marked pregnant.,,,,,,,,,
Rosalinda Bautista,57,06/28/1969,F,Santisima Cruz,Married,Elementary,Employed,19959,1,Yes,No,N/A,Detention of spouse (3+ months) or serving sentence,2,0,Not Eligible,N/A,,Claimed 'Detention of spouse (3+ months) or serving sentence' but duration is only 2 month(s); RA 11861 requires at least 3 month(s) for this category.,,,,,,,,,
Ana Dela Cruz,26,02/14/2000,F,Calios,Married,High School,Self-Employed,9537,0,No,No,N/A,Spouse/family member/guardian of an OFW,33,0,Not Eligible,N/A,,No qualifying dependent child under the applicant's care; RA 11861 requires sole parental care and support of a child.,,,,,,,,,
Ana Cruz,27,2/10/1999,F,San Pablo Norte,Separated,High School,Self-Employed,8149,5,No,No,N/A,Legal or de facto separation,11,0,Eligible,High,"Cash Assistance, Educational Support",,,,,,,,,,
Julius Flores,43,11/7/1983,M,Alipit,Annulled,Postgraduate,Self-Employed,22647,0,No,No,N/A,"Declaration of nullity, annulment, or divorce",0,0,Not Eligible,N/A,,No qualifying dependent child under the applicant's care; RA 11861 requires sole parental care and support of a child.,,,,,,,,,
Marilou Gonzales,53,04/17/1973,F,Bubukal,Married,Elementary,Unemployed,816,0,No,No,N/A,Abandonment by spouse,28,0,Not Eligible,N/A,,No qualifying dependent child under the applicant's care; RA 11861 requires sole parental care and support of a child.,,,,,,,,,
Rosalinda Aquino,22,09/16/2004,F,San Pablo Norte,Married,Vocational,Part-Time,11890,2,Yes,No,N/A,Spouse/family member/guardian of an OFW,25,0,Eligible,High,"Cash Assistance, Educational Support, Livelihood Support",,,,,,,,,,
Ferdinand Reyes,29,12/21/1997,M,Patimbao,Married,Postgraduate,Unemployed,3388,2,Yes,No,N/A,Spouse/family member/guardian of an OFW,42,0,Eligible,High,"Cash Assistance, Educational Support, Livelihood Support",,,,,,,,,,
Ana Del Rosario,64,03/24/1962,F,Santisima Cruz,Married,Postgraduate,Self-Employed,11103,3,No,No,N/A,Detention of spouse (3+ months) or serving sentence,15,0,Eligible,High,"Cash Assistance, Educational Support",,,,,,,,,,
Rosalinda Gonzales,60,12/25/1966,F,Bagumbayan,Widow,Vocational,Self-Employed,29182,1,Yes,No,N/A,Death of spouse,0,0,Eligible,Medium,Educational Support,,,,,,,,,,
Ligaya Bautista,39,11/6/1987,F,San Juan,Single,Vocational,Self-Employed,45527,0,No,No,N/A,Unmarried parent who keeps and rears the child,0,0,Not Eligible,N/A,,No qualifying dependent child under the applicant's care; RA 11861 requires sole parental care and support of a child.,,,,,,,,,
Josephine Dela Cruz,38,5/8/1988,F,Bubukal,Single,High School,Self-Employed,25484,3,Yes,No,N/A,Unmarried parent who keeps and rears the child,0,0,Eligible,High,Educational Support,,,,,,,,,,
Mark Rivera,63,12/18/1963,M,Santisima Cruz,Married,College,Employed,9097,5,Yes,No,N/A,Birth of child due to rape,0,0,Eligible,High,"Cash Assistance, Educational Support",,,,,,,,,,
Josephine Ramos,37,02/22/1989,F,Duhat,Single,Vocational,Unemployed,1234,0,No,No,N/A,Pregnant woman solely responsible for unborn child,0,1,Eligible,High,"Cash Assistance, Livelihood Support",,,,,,,,,,
Julius Ramos,49,05/14/1977,M,San Pablo Norte,Widow,High School,Unemployed,1049,1,Yes,No,N/A,Death of spouse,0,0,Eligible,High,"Cash Assistance, Educational Support, Livelihood Support",,,,,,,,,,
Ramon Flores,64,9/7/1962,M,Santisima Cruz,Married,High School,Unemployed,254,1,No,No,N/A,Physical or mental incapacity of spouse,0,0,Eligible,High,"Cash Assistance, Educational Support, Livelihood Support",,,,,,,,,,
Roberto Rivera,66,2/3/1960,M,Alipit,Married,Vocational,Employed,26133,3,Yes,Yes,Intellectual/Developmental,Physical or mental incapacity of spouse,0,0,Eligible,High,"Educational Support, Health Support",,,,,,,,,,
Teresa Torres,42,04/19/1984,F,Alipit,Annulled,College,Employed,21191,3,No,No,N/A,"Declaration of nullity, annulment, or divorce",0,0,Eligible,High,Educational Support,,,,,,,,,,
Ronald Pascual,37,10/3/1989,M,Duhat,Annulled,Vocational,Part-Time,9916,0,No,No,N/A,"Declaration of nullity, annulment, or divorce",0,0,Not Eligible,N/A,,No qualifying dependent child under the applicant's care; RA 11861 requires sole parental care and support of a child.,,,,,,,,,
Maria Garcia,29,12/28/1997,F,Duhat,Married,Postgraduate,Part-Time,8550,0,No,No,N/A,Abandonment by spouse,29,0,Not Eligible,N/A,,No qualifying dependent child under the applicant's care; RA 11861 requires sole parental care and support of a child.,,,,,,,,,
Ferdinand Pascual,36,09/21/1990,M,San Pablo Norte,Married,High School,Unemployed,3147,3,Yes,Yes,Sensory (Visual/Hearing),Physical or mental incapacity of spouse,0,0,Eligible,High,"Cash Assistance, Educational Support, Health Support, Livelihood Support",,,,,,,,,,
Corazon Salazar,37,02/28/1989,F,San Juan,Widow,Elementary,Unemployed,5255,5,No,No,N/A,Death of spouse,0,0,Eligible,High,"Cash Assistance, Educational Support, Livelihood Support",,,,,,,,,,
Angelica Villanueva,53,7/12/1973,F,San Juan,Married,College,Self-Employed,11488,3,Yes,No,N/A,Detention of spouse (3+ months) or serving sentence,2,0,Not Eligible,N/A,,Claimed 'Detention of spouse (3+ months) or serving sentence' but duration is only 2 month(s); RA 11861 requires at least 3 month(s) for this category.,,,,,,,,,
Ana Santos,51,04/24/1975,F,San Juan,Married,Postgraduate,Self-Employed,11123,2,Yes,Yes,Physical,Spouse/family member/guardian of an OFW,23,0,Eligible,High,"Cash Assistance, Educational Support, Health Support",,,,,,,,,,
Dominic Garcia,64,09/24/1962,M,Duhat,Married,Vocational,Self-Employed,31206,0,No,No,N/A,"Legal guardian, adoptive, or foster parent",0,0,Not Eligible,N/A,,No qualifying dependent child under the applicant's care; RA 11861 requires sole parental care and support of a child.,,,,,,,,,
Ligaya Reyes,33,09/18/1993,F,Bagumbayan,Widow,High School,Self-Employed,25843,0,No,Yes,Physical,Death of spouse,0,0,Not Eligible,N/A,,No qualifying dependent child under the applicant's care; RA 11861 requires sole parental care and support of a child.,,,,,,,,,
Ronald Ramos,55,02/21/1971,M,Calios,Married,College,Unemployed,507,0,No,No,N/A,Physical or mental incapacity of spouse,0,0,Not Eligible,N/A,,No qualifying dependent child under the applicant's care; RA 11861 requires sole parental care and support of a child.,,,,,,,,,
Edwin Santos,34,8/1/1992,M,Bagumbayan,Single,Postgraduate,Employed,12387,4,Yes,No,N/A,Birth of child due to rape,0,0,Eligible,High,"Cash Assistance, Educational Support",,,,,,,,,,
Cristina Salazar,30,6/3/1996,F,Duhat,Single,Vocational,Part-Time,12931,0,No,Yes,Sensory (Visual/Hearing),Relative within 4th civil degree assuming care,21,0,Not Eligible,N/A,,No qualifying dependent child under the applicant's care; RA 11861 requires sole parental care and support of a child.,,,,,,,,,
Maria Castillo,66,10/21/1960,F,Alipit,Married,Vocational,Part-Time,4161,5,Yes,No,N/A,Detention of spouse (3+ months) or serving sentence,11,0,Eligible,High,"Cash Assistance, Educational Support, Livelihood Support",,,,,,,,,,
Edwin Flores,52,09/14/1974,M,San Juan,Married,Elementary,Self-Employed,6887,3,Yes,No,N/A,Physical or mental incapacity of spouse,0,0,Eligible,High,"Cash Assistance, Educational Support",,,,,,,,,,
Mark Pascual,49,9/5/1977,M,Alipit,Widow,Vocational,Employed,26854,4,Yes,No,N/A,Relative within 4th civil degree assuming care,15,0,Eligible,High,Educational Support,,,,,,,,,,
Rosalinda Mendoza,62,5/5/1964,F,Labuin,Widow,Elementary,Unemployed,468,0,No,No,N/A,Death of spouse,0,0,Not Eligible,N/A,,No qualifying dependent child under the applicant's care; RA 11861 requires sole parental care and support of a child.,,,,,,,,,
Carmela Bautista,55,10/22/1971,F,Labuin,Widow,Vocational,Part-Time,11788,0,No,No,N/A,Death of spouse,0,0,Not Eligible,N/A,,No qualifying dependent child under the applicant's care; RA 11861 requires sole parental care and support of a child.,,,,,,,,,
Analyn Castillo,39,05/15/1987,F,Bubukal,Single,High School,Employed,15449,0,No,No,N/A,Pregnant woman solely responsible for unborn child,0,1,Eligible,High,Cash Assistance,,,,,,,,,,
Grace Reyes,51,6/3/1975,F,Alipit,Single,College,Unemployed,2932,0,No,No,N/A,Pregnant woman solely responsible for unborn child,0,1,Eligible,High,"Cash Assistance, Livelihood Support",,,,,,,,,,
Maria Santos,67,8/6/1959,F,Patimbao,Annulled,Vocational,Employed,31132,4,Yes,No,N/A,"Declaration of nullity, annulment, or divorce",0,0,Eligible,High,Educational Support,,,,,,,,,,
Carmela Ramos,57,05/26/1969,F,Alipit,Annulled,Postgraduate,Self-Employed,10374,0,No,No,N/A,"Declaration of nullity, annulment, or divorce",0,0,Not Eligible,N/A,,No qualifying dependent child under the applicant's care; RA 11861 requires sole parental care and support of a child.,,,,,,,,,
Grace Del Rosario,41,03/24/1985,F,San Juan,Married,Elementary,Self-Employed,20873,1,No,No,N/A,Spouse/family member/guardian of an OFW,1,0,Not Eligible,N/A,,Claimed 'Spouse/family member/guardian of an OFW' but duration is only 1 month(s); RA 11861 requires at least 12 month(s) for this category.,,,,,,,,,
Analyn Dela Cruz,38,9/11/1988,F,Bagumbayan,Married,Postgraduate,Part-Time,14061,0,No,Yes,Sensory (Visual/Hearing),Physical or mental incapacity of spouse,0,0,Not Eligible,N/A,,No qualifying dependent child under the applicant's care; RA 11861 requires sole parental care and support of a child.,,,,,,,,,
Ronald Del Rosario,42,12/16/1984,M,Calios,Widow,Postgraduate,Part-Time,7759,0,No,Yes,Sensory (Visual/Hearing),Death of spouse,0,0,Not Eligible,N/A,,No qualifying dependent child under the applicant's care; RA 11861 requires sole parental care and support of a child.,,,,,,,,,
Ferdinand Cruz,56,07/22/1970,M,Duhat,Widow,Postgraduate,Employed,20116,5,No,No,N/A,Death of spouse,0,0,Eligible,High,Educational Support,,,,,,,,,,
Grace Torres,46,04/17/1980,F,Bubukal,Single,College,Part-Time,9037,2,Yes,No,N/A,Unmarried parent who keeps and rears the child,0,0,Eligible,High,"Cash Assistance, Educational Support, Livelihood Support",,,,,,,,,,
Carmela Bautista,53,11/1/1973,F,Bubukal,Single,High School,Self-Employed,3381,0,No,No,N/A,Pregnant woman solely responsible for unborn child,0,0,Not Eligible,N/A,,Claimed pregnancy category but not marked pregnant.,,,,,,,,,
Roberto Mendoza,52,10/3/1974,M,Patimbao,Single,High School,Employed,7377,1,Yes,No,N/A,Birth of child due to rape,0,0,Eligible,High,"Cash Assistance, Educational Support",,,,,,,,,,
Arnel Salazar,62,7/3/1964,M,Bagumbayan,Single,College,Unemployed,1761,3,Yes,No,N/A,"Legal guardian, adoptive, or foster parent",0,0,Eligible,High,"Cash Assistance, Educational Support, Livelihood Support",,,,,,,,,,
Ana Ramos,50,09/16/1976,F,San Juan,Married,Elementary,Employed,12259,1,Yes,No,N/A,Physical or mental incapacity of spouse,0,0,Eligible,High,"Cash Assistance, Educational Support",,,,,,,,,,
Ligaya Santos,58,10/9/1968,F,Bubukal,Married,College,Part-Time,9696,2,No,No,N/A,Abandonment by spouse,6,0,Eligible,High,"Cash Assistance, Educational Support, Livelihood Support",,,,,,,,,,
Carmela Ocampo,65,05/28/1961,F,San Juan,Married,College,Unemployed,520,3,Yes,Yes,Physical,Relative within 4th civil degree assuming care,30,0,Eligible,High,"Cash Assistance, Educational Support, Health Support, Livelihood Support",,,,,,,,,,
Josephine Dela Cruz,25,3/2/2001,F,Bubukal,Married,College,Employed,9600,1,Yes,No,N/A,Abandonment by spouse,31,0,Eligible,High,"Cash Assistance, Educational Support",,,,,,,,,,
Marilou Fernandez,45,04/18/1981,F,Santisima Cruz,Married,Elementary,Employed,20352,3,No,Yes,Intellectual/Developmental,Abandonment by spouse,18,0,Eligible,High,"Educational Support, Health Support",,,,,,,,,,
Marites Ramos,62,10/26/1964,F,Santisima Cruz,Annulled,College,Unemployed,1027,0,No,Yes,Mental/Psychosocial,"Declaration of nullity, annulment, or divorce",0,0,Not Eligible,N/A,,No qualifying dependent child under the applicant's care; RA 11861 requires sole parental care and support of a child.,,,,,,,,,
Arnel Garcia,63,09/24/1963,M,Patimbao,Married,Elementary,Unemployed,919,5,Yes,Yes,Physical,Physical or mental incapacity of spouse,0,0,Eligible,High,"Cash Assistance, Educational Support, Health Support, Livelihood Support",,,,,,,,,,
Roberto Gonzales,42,03/26/1984,M,San Pablo Norte,Married,College,Employed,39719,1,No,No,N/A,Abandonment by spouse,30,0,Eligible,Medium,Educational Support,,,,,,,,,,
Jose Santos,52,3/7/1974,M,San Juan,Annulled,Elementary,Self-Employed,26358,0,No,No,N/A,"Declaration of nullity, annulment, or divorce",0,0,Not Eligible,N/A,,No qualifying dependent child under the applicant's care; RA 11861 requires sole parental care and support of a child.,,,,,,,,,
Ligaya Rivera,56,12/13/1970,F,Alipit,Annulled,College,Self-Employed,23298,0,No,No,N/A,"Declaration of nullity, annulment, or divorce",0,0,Not Eligible,N/A,,No qualifying dependent child under the applicant's care; RA 11861 requires sole parental care and support of a child.,,,,,,,,,
Marites Villanueva,35,11/8/1991,F,Bagumbayan,Single,College,Unemployed,130,0,No,Yes,Intellectual/Developmental,Pregnant woman solely responsible for unborn child,0,1,Eligible,High,"Cash Assistance, Health Support, Livelihood Support",,,,,,,,,,
Reynaldo Torres,58,03/25/1968,M,San Pablo Sur,Married,College,Employed,14761,0,No,No,N/A,Physical or mental incapacity of spouse,0,0,Not Eligible,N/A,,No qualifying dependent child under the applicant's care; RA 11861 requires sole parental care and support of a child.,,,,,,,,,
Luzviminda Garcia,25,10/12/2001,F,Patimbao,Single,Elementary,Employed,7505,0,No,No,N/A,Birth of child due to rape,0,0,Not Eligible,N/A,,No qualifying dependent child under the applicant's care; RA 11861 requires sole parental care and support of a child.,,,,,,,,,
Josephine Castillo,46,11/17/1980,F,Bubukal,Single,High School,Part-Time,8944,1,Yes,No,N/A,Unmarried parent who keeps and rears the child,0,0,Eligible,High,"Cash Assistance, Educational Support, Livelihood Support",,,,,,,,,,
Marilou Dela Cruz,64,02/27/1962,F,San Pablo Sur,Single,Postgraduate,Part-Time,7539,0,No,No,N/A,Pregnant woman solely responsible for unborn child,0,1,Eligible,High,"Cash Assistance, Livelihood Support",,,,,,,,,,
Carmela Dela Cruz,62,01/27/1964,F,San Pablo Sur,Single,Vocational,Unemployed,487,4,Yes,Yes,Physical,Unmarried parent who keeps and rears the child,0,0,Eligible,High,"Cash Assistance, Educational Support, Health Support, Livelihood Support",,,,,,,,,,
Marites Ocampo,53,05/25/1973,F,San Juan,Married,Postgraduate,Part-Time,4866,5,Yes,No,N/A,Physical or mental incapacity of spouse,0,0,Eligible,High,"Cash Assistance, Educational Support, Livelihood Support",,,,,,,,,,
Ligaya Castillo,45,5/12/1981,F,Patimbao,Single,High School,Self-Employed,24341,0,No,No,N/A,Pregnant woman solely responsible for unborn child,0,0,Not Eligible,N/A,,Claimed pregnancy category but not marked pregnant.,,,,,,,,,
Josephine Bautista,68,08/13/1958,F,Alipit,Single,Postgraduate,Unemployed,465,0,No,No,N/A,Pregnant woman solely responsible for unborn child,0,0,Not Eligible,N/A,,Claimed pregnancy category but not marked pregnant.,,,,,,,,,
Joy Aquino,46,06/14/1980,F,San Juan,Single,Elementary,Unemployed,2537,0,No,No,N/A,Pregnant woman solely responsible for unborn child,0,0,Not Eligible,N/A,,Claimed pregnancy category but not marked pregnant.,,,,,,,,,
Marilou Cruz,47,6/8/1979,F,San Juan,Single,High School,Employed,26782,0,No,Yes,Physical,Pregnant woman solely responsible for unborn child,0,1,Eligible,High,Health Support,,,,,,,,,,
Reynaldo Reyes,52,10/14/1974,M,San Juan,Married,Vocational,Part-Time,9139,1,Yes,No,N/A,Spouse/family member/guardian of an OFW,5,0,Not Eligible,N/A,,Claimed 'Spouse/family member/guardian of an OFW' but duration is only 5 month(s); RA 11861 requires at least 12 month(s) for this category.,,,,,,,,,
Ronald Aquino,52,03/22/1974,M,San Juan,Married,College,Employed,21349,0,No,No,N/A,Spouse/family member/guardian of an OFW,27,0,Not Eligible,N/A,,No qualifying dependent child under the applicant's care; RA 11861 requires sole parental care and support of a child.,,,,,,,,,
Julius Rivera,68,8/6/1958,M,Duhat,Single,High School,Self-Employed,6590,2,Yes,No,N/A,Relative within 4th civil degree assuming care,0,0,Not Eligible,N/A,,Claimed 'Relative within 4th civil degree assuming care' but duration is only 0 month(s); RA 11861 requires at least 6 month(s) for this category.,,,,,,,,,
Danilo Bautista,19,5/1/2007,M,Bagumbayan,Married,Postgraduate,Self-Employed,17455,0,No,No,N/A,Detention of spouse (3+ months) or serving sentence,1,0,Not Eligible,N/A,,Claimed 'Detention of spouse (3+ months) or serving sentence' but duration is only 1 month(s); RA 11861 requires at least 3 month(s) for this category.,,,,,,,,,
Julius Torres,44,05/19/1982,M,Duhat,Married,Vocational,Unemployed,2204,1,Yes,Yes,Intellectual/Developmental,Birth of child due to rape,0,0,Eligible,High,"Cash Assistance, Educational Support, Health Support, Livelihood Support",,,,,,,,,,
Christian Gonzales,67,12/8/1959,M,San Juan,Widow,Postgraduate,Self-Employed,14119,4,Yes,No,N/A,Death of spouse,0,0,Eligible,High,"Cash Assistance, Educational Support",,,,,,,,,,
Ronald Mendoza,66,8/3/1960,M,San Pablo Norte,Married,High School,Part-Time,16167,5,Yes,No,N/A,Spouse/family member/guardian of an OFW,14,0,Eligible,High,"Educational Support, Livelihood Support",,,,,,,,,,
Reynaldo Aquino,45,1/2/1981,M,Labuin,Separated,College,Part-Time,12358,0,No,No,N/A,Legal or de facto separation,6,0,Not Eligible,N/A,,No qualifying dependent child under the applicant's care; RA 11861 requires sole parental care and support of a child.,,,,,,,,,
Reynaldo Pascual,49,09/25/1977,M,Labuin,Single,Postgraduate,Unemployed,2441,3,Yes,No,N/A,Relative within 4th civil degree assuming care,9,0,Eligible,High,"Cash Assistance, Educational Support, Livelihood Support",,,,,,,,,,
Noel Ramos,48,01/13/1978,M,Duhat,Separated,College,Unemployed,963,2,No,No,N/A,Legal or de facto separation,14,0,Eligible,High,"Cash Assistance, Educational Support, Livelihood Support",,,,,,,,,,
Josephine Rivera,44,03/18/1982,F,Duhat,Single,Elementary,Unemployed,1173,0,No,Yes,Intellectual/Developmental,Pregnant woman solely responsible for unborn child,0,1,Eligible,High,"Cash Assistance, Health Support, Livelihood Support",,,,,,,,,,
Reynaldo Gonzales,24,02/16/2002,M,Patimbao,Single,College,Part-Time,9281,4,Yes,Yes,Intellectual/Developmental,Relative within 4th civil degree assuming care,23,0,Eligible,High,"Cash Assistance, Educational Support, Health Support, Livelihood Support",,,,,,,,,,
Ronald Dela Cruz,35,04/22/1991,M,Bubukal,Separated,Elementary,Unemployed,3094,5,Yes,No,N/A,Legal or de facto separation,2,0,Not Eligible,N/A,,Claimed 'Legal or de facto separation' but duration is only 2 month(s); RA 11861 requires at least 6 month(s) for this category.,,,,,,,,,
Teresa Cruz,19,09/16/2007,F,Calios,Single,College,Unemployed,154,4,Yes,No,N/A,Unmarried parent who keeps and rears the child,0,0,Eligible,High,"Cash Assistance, Educational Support, Livelihood Support",,,,,,,,,,
Corazon Ramos,51,04/27/1975,F,Alipit,Widow,Postgraduate,Self-Employed,18774,0,No,Yes,Sensory (Visual/Hearing),Death of spouse,0,0,Not Eligible,N/A,,No qualifying dependent child under the applicant's care; RA 11861 requires sole parental care and support of a child.,,,,,,,,,
Christian Aquino,31,8/5/1995,M,Bubukal,Married,Postgraduate,Employed,26468,5,Yes,Yes,Mental/Psychosocial,"Legal guardian, adoptive, or foster parent",0,0,Eligible,High,"Educational Support, Health Support",,,,,,,,,,
Rosalinda Pascual,33,8/11/1993,F,Calios,Married,High School,Employed,12626,0,No,No,N/A,Birth of child due to rape,0,0,Not Eligible,N/A,,No qualifying dependent child under the applicant's care; RA 11861 requires sole parental care and support of a child.,,,,,,,,,
Angelica Santos,68,9/11/1958,F,Santisima Cruz,Married,College,Self-Employed,6218,5,No,No,N/A,Abandonment by spouse,12,0,Eligible,High,"Cash Assistance, Educational Support",,,,,,,,,,
Marilou Fernandez,50,08/23/1976,F,San Juan,Married,College,Self-Employed,15509,0,No,Yes,Intellectual/Developmental,"Legal guardian, adoptive, or foster parent",0,0,Not Eligible,N/A,,No qualifying dependent child under the applicant's care; RA 11861 requires sole parental care and support of a child.,,,,,,,,,
Ramon Bautista,24,3/11/2002,M,Patimbao,Married,College,Part-Time,13215,4,No,Yes,Mental/Psychosocial,"Legal guardian, adoptive, or foster parent",0,0,Eligible,High,"Cash Assistance, Educational Support, Health Support, Livelihood Support",,,,,,,,,,
Danilo Ocampo,54,9/7/1972,M,Santisima Cruz,Married,Elementary,Self-Employed,38042,4,No,No,N/A,Relative within 4th civil degree assuming care,3,0,Not Eligible,N/A,,Claimed 'Relative within 4th civil degree assuming care' but duration is only 3 month(s); RA 11861 requires at least 6 month(s) for this category.,,,,,,,,,
Noel Aquino,53,9/9/1973,M,Santisima Cruz,Married,College,Unemployed,2338,5,Yes,No,N/A,"Legal guardian, adoptive, or foster parent",0,0,Eligible,High,"Cash Assistance, Educational Support, Livelihood Support",,,,,,,,,,
Roberto Ocampo,41,05/15/1985,M,San Pablo Norte,Single,College,Self-Employed,21893,2,No,No,N/A,Relative within 4th civil degree assuming care,29,0,Eligible,Medium,Educational Support,,,,,,,,,,
Ferdinand Garcia,40,10/9/1986,M,San Juan,Married,Vocational,Unemployed,234,1,No,Yes,Intellectual/Developmental,Abandonment by spouse,31,0,Eligible,High,"Cash Assistance, Educational Support, Health Support, Livelihood Support",,,,,,,,,,
Reynaldo Fernandez,32,4/2/1994,M,Calios,Widow,Postgraduate,Employed,10736,0,No,No,N/A,Death of spouse,0,0,Not Eligible,N/A,,No qualifying dependent child under the applicant's care; RA 11861 requires sole parental care and support of a child.,,,,,,,,,
Ronald Flores,34,08/23/1992,M,San Pablo Sur,Single,High School,Self-Employed,78197,2,Yes,Yes,Intellectual/Developmental,Birth of child due to rape,0,0,Eligible,High,"Educational Support, Health Support",,,,,,,,,,
Ana Castillo,26,4/8/2000,F,Alipit,Married,High School,Part-Time,6479,0,No,No,N/A,Physical or mental incapacity of spouse,0,0,Not Eligible,N/A,,No qualifying dependent child under the applicant's care; RA 11861 requires sole parental care and support of a child.,,,,,,,,,
Luzviminda Pascual,59,2/1/1967,F,Alipit,Married,High School,Unemployed,1481,5,Yes,No,N/A,Physical or mental incapacity of spouse,0,0,Eligible,High,"Cash Assistance, Educational Support, Livelihood Support",,,,,,,,,,
Maria Del Rosario,29,7/10/1997,F,San Pablo Sur,Single,College,Employed,27128,0,No,No,N/A,Pregnant woman solely responsible for unborn child,0,0,Not Eligible,N/A,,Claimed pregnancy category but not marked pregnant.,,,,,,,,,
Joy Fernandez,45,10/26/1981,F,San Pablo Norte,Married,Vocational,Unemployed,381,0,No,No,N/A,Physical or mental incapacity of spouse,0,0,Not Eligible,N/A,,No qualifying dependent child under the applicant's care; RA 11861 requires sole parental care and support of a child.,,,,,,,,,
Julius Garcia,40,10/15/1986,M,San Pablo Norte,Married,High School,Employed,24224,0,No,No,N/A,Physical or mental incapacity of spouse,0,0,Not Eligible,N/A,,No qualifying dependent child under the applicant's care; RA 11861 requires sole parental care and support of a child.,,,,,,,,,
Reynaldo Bautista,49,10/21/1977,M,Patimbao,Single,Elementary,Employed,7484,4,Yes,No,N/A,Birth of child due to rape,0,0,Eligible,High,"Cash Assistance, Educational Support",,,,,,,,,,
Luzviminda Torres,43,2/12/1983,F,Duhat,Married,Elementary,Part-Time,13486,3,Yes,No,N/A,Physical or mental incapacity of spouse,0,0,Eligible,High,"Cash Assistance, Educational Support, Livelihood Support",,,,,,,,,,
Roberto Santos,24,7/7/2002,M,Labuin,Single,College,Unemployed,55,0,No,No,N/A,"Legal guardian, adoptive, or foster parent",0,0,Not Eligible,N/A,,No qualifying dependent child under the applicant's care; RA 11861 requires sole parental care and support of a child.,,,,,,,,,
Corazon Flores,48,10/14/1978,F,Bubukal,Married,Postgraduate,Self-Employed,18789,5,Yes,No,N/A,Spouse/family member/guardian of an OFW,30,0,Eligible,High,Educational Support,,,,,,,,,,
Josephine Bautista,63,09/20/1963,F,San Pablo Norte,Married,High School,Employed,45530,2,No,No,N/A,Detention of spouse (3+ months) or serving sentence,17,0,Eligible,Medium,Educational Support,,,,,,,,,,
Carmela Flores,43,11/20/1983,F,Santisima Cruz,Married,High School,Employed,16683,5,No,No,N/A,Detention of spouse (3+ months) or serving sentence,1,0,Not Eligible,N/A,,Claimed 'Detention of spouse (3+ months) or serving sentence' but duration is only 1 month(s); RA 11861 requires at least 3 month(s) for this category.,,,,,,,,,
Julius Villanueva,44,03/22/1982,M,Duhat,Married,Postgraduate,Unemployed,527,5,No,No,N/A,Abandonment by spouse,3,0,Not Eligible,N/A,,Claimed 'Abandonment by spouse' but duration is only 3 month(s); RA 11861 requires at least 6 month(s) for this category.,,,,,,,,,
Maria Rivera,55,4/8/1971,F,San Juan,Married,College,Unemployed,1173,2,No,No,N/A,Birth of child due to rape,0,0,Eligible,High,"Cash Assistance, Educational Support, Livelihood Support",,,,,,,,,,
Jose Aquino,24,11/22/2002,M,Alipit,Married,Elementary,Unemployed,104,0,No,No,N/A,Physical or mental incapacity of spouse,0,0,Not Eligible,N/A,,No qualifying dependent child under the applicant's care; RA 11861 requires sole parental care and support of a child.,,,,,,,,,
Danilo Pascual,60,7/5/1966,M,San Pablo Norte,Separated,Postgraduate,Unemployed,706,1,No,No,N/A,Legal or de facto separation,30,0,Eligible,High,"Cash Assistance, Educational Support, Livelihood Support",,,,,,,,,,
Jose Gonzales,28,2/2/1998,M,Alipit,Married,High School,Employed,20356,5,No,No,N/A,Detention of spouse (3+ months) or serving sentence,24,0,Eligible,High,Educational Support,,,,,,,,,,
Christian Ocampo,34,06/14/1992,M,San Pablo Sur,Married,High School,Part-Time,9126,1,Yes,No,N/A,Abandonment by spouse,25,0,Eligible,High,"Cash Assistance, Educational Support, Livelihood Support",,,,,,,,,,
Edwin Aquino,50,12/26/1976,M,Bagumbayan,Single,Postgraduate,Part-Time,9554,0,No,No,N/A,Unmarried parent who keeps and rears the child,0,0,Not Eligible,N/A,,No qualifying dependent child under the applicant's care; RA 11861 requires sole parental care and support of a child.,,,,,,,,,
Edwin Flores,26,6/7/2000,M,Calios,Annulled,Elementary,Self-Employed,3753,3,Yes,No,N/A,"Declaration of nullity, annulment, or divorce",0,0,Eligible,High,"Cash Assistance, Educational Support",,,,,,,,,,
Maria Flores,20,7/8/2006,F,Calios,Married,Elementary,Self-Employed,22223,0,No,No,N/A,Physical or mental incapacity of spouse,0,0,Not Eligible,N/A,,No qualifying dependent child under the applicant's care; RA 11861 requires sole parental care and support of a child.,,,,,,,,,
Ferdinand Santos,54,07/17/1972,M,Patimbao,Widow,High School,Self-Employed,6570,0,No,No,N/A,Death of spouse,0,0,Not Eligible,N/A,,No qualifying dependent child under the applicant's care; RA 11861 requires sole parental care and support of a child.,,,,,,,,,
Luzviminda Castillo,36,04/23/1990,F,Bagumbayan,Single,High School,Part-Time,5972,0,No,No,N/A,Pregnant woman solely responsible for unborn child,0,1,Eligible,High,"Cash Assistance, Livelihood Support",,,,,,,,,,
Analyn Gonzales,37,02/15/1989,F,San Pablo Sur,Married,College,Unemployed,4343,0,No,No,N/A,Spouse/family member/guardian of an OFW,24,0,Not Eligible,N/A,,No qualifying dependent child under the applicant's care; RA 11861 requires sole parental care and support of a child.,,,,,,,,,
Mark Gonzales,65,3/3/1961,M,Santisima Cruz,Widow,College,Self-Employed,23021,2,Yes,No,N/A,Death of spouse,0,0,Eligible,Medium,Educational Support,,,,,,,,,,
Rosalinda Ocampo,27,11/2/1999,F,Patimbao,Annulled,College,Part-Time,7992,0,No,No,N/A,"Declaration of nullity, annulment, or divorce",0,0,Not Eligible,N/A,,No qualifying dependent child under the applicant's care; RA 11861 requires sole parental care and support of a child.,,,,,,,,,
Reynaldo Rivera,43,08/14/1983,M,San Juan,Single,Elementary,Unemployed,6593,0,No,No,N/A,Unmarried parent who keeps and rears the child,0,0,Not Eligible,N/A,,No qualifying dependent child under the applicant's care; RA 11861 requires sole parental care and support of a child.,,,,,,,,,
Teresa Flores,36,07/19/1990,F,Calios,Married,High School,Self-Employed,10407,3,Yes,No,N/A,Spouse/family member/guardian of an OFW,3,0,Not Eligible,N/A,,Claimed 'Spouse/family member/guardian of an OFW' but duration is only 3 month(s); RA 11861 requires at least 12 month(s) for this category.,,,,,,,,,
Jose Fernandez,47,10/20/1979,M,San Juan,Separated,College,Part-Time,7036,3,No,No,N/A,Legal or de facto separation,5,0,Not Eligible,N/A,,Claimed 'Legal or de facto separation' but duration is only 5 month(s); RA 11861 requires at least 6 month(s) for this category.,,,,,,,,,
Christian Garcia,28,12/16/1998,M,Alipit,Married,Vocational,Unemployed,428,0,No,No,N/A,Birth of child due to rape,0,0,Not Eligible,N/A,,No qualifying dependent child under the applicant's care; RA 11861 requires sole parental care and support of a child.,,,,,,,,,
Ronald Aquino,46,02/24/1980,M,Labuin,Married,Vocational,Part-Time,5992,4,Yes,Yes,Intellectual/Developmental,Spouse/family member/guardian of an OFW,20,0,Eligible,High,"Cash Assistance, Educational Support, Health Support, Livelihood Support",,,,,,,,,,
Arnel Fernandez,26,2/2/2000,M,Duhat,Married,Vocational,Employed,11218,0,No,No,N/A,Detention of spouse (3+ months) or serving sentence,6,0,Not Eligible,N/A,,No qualifying dependent child under the applicant's care; RA 11861 requires sole parental care and support of a child.,,,,,,,,,
Ronald Dela Cruz,68,7/12/1958,M,Bagumbayan,Single,Postgraduate,Employed,8961,0,No,No,N/A,Unmarried parent who keeps and rears the child,0,0,Not Eligible,N/A,,No qualifying dependent child under the applicant's care; RA 11861 requires sole parental care and support of a child.,,,,,,,,,
Dominic Fernandez,58,08/22/1968,M,Santisima Cruz,Annulled,College,Employed,20480,0,No,Yes,Mental/Psychosocial,"Declaration of nullity, annulment, or divorce",0,0,Not Eligible,N/A,,No qualifying dependent child under the applicant's care; RA 11861 requires sole parental care and support of a child.,,,,,,,,,
Ana Dela Cruz,42,09/26/1984,F,Patimbao,Annulled,Elementary,Part-Time,8525,0,No,No,N/A,"Declaration of nullity, annulment, or divorce",0,0,Not Eligible,N/A,,No qualifying dependent child under the applicant's care; RA 11861 requires sole parental care and support of a child.,,,,,,,,,
Cristina Mendoza,58,12/24/1968,F,Alipit,Married,Elementary,Unemployed,129,1,Yes,Yes,Physical,Abandonment by spouse,2,0,Not Eligible,N/A,,Claimed 'Abandonment by spouse' but duration is only 2 month(s); RA 11861 requires at least 6 month(s) for this category.,,,,,,,,,
Reynaldo Rivera,42,4/4/1984,M,Bubukal,Single,College,Self-Employed,18346,4,Yes,No,N/A,Unmarried parent who keeps and rears the child,0,0,Eligible,High,Educational Support,,,,,,,,,,
Julius Aquino,62,1/9/1964,M,Patimbao,Married,Postgraduate,Part-Time,9302,0,No,Yes,Mental/Psychosocial,Spouse/family member/guardian of an OFW,1,0,Not Eligible,N/A,,Claimed 'Spouse/family member/guardian of an OFW' but duration is only 1 month(s); RA 11861 requires at least 12 month(s) for this category.,,,,,,,,,
Corazon Ramos,55,4/2/1971,F,San Pablo Norte,Single,Postgraduate,Self-Employed,3325,0,No,No,N/A,Birth of child due to rape,0,0,Not Eligible,N/A,,No qualifying dependent child under the applicant's care; RA 11861 requires sole parental care and support of a child.,,,,,,,,,
Angelica Mendoza,46,12/5/1980,F,Santisima Cruz,Married,College,Self-Employed,71641,0,No,No,N/A,Detention of spouse (3+ months) or serving sentence,24,0,Not Eligible,N/A,,No qualifying dependent child under the applicant's care; RA 11861 requires sole parental care and support of a child.,,,,,,,,,
Edwin Bautista,35,07/13/1991,M,Duhat,Married,Vocational,Employed,16380,3,Yes,No,N/A,Spouse/family member/guardian of an OFW,39,0,Eligible,High,Educational Support,,,,,,,,,,
Luzviminda Aquino,65,9/11/1961,F,San Juan,Widow,High School,Part-Time,8959,4,Yes,No,N/A,"Legal guardian, adoptive, or foster parent",0,0,Eligible,High,"Cash Assistance, Educational Support, Livelihood Support",,,,,,,,,,
Corazon Reyes,66,6/6/1960,F,San Pablo Sur,Married,Postgraduate,Unemployed,661,1,No,No,N/A,Physical or mental incapacity of spouse,0,0,Eligible,High,"Cash Assistance, Educational Support, Livelihood Support",,,,,,,,,,
Marilou Flores,55,05/21/1971,F,San Juan,Annulled,Postgraduate,Employed,16670,0,No,No,N/A,"Declaration of nullity, annulment, or divorce",0,0,Not Eligible,N/A,,No qualifying dependent child under the applicant's care; RA 11861 requires sole parental care and support of a child.,,,,,,,,,
Arnel Dela Cruz,55,6/8/1971,M,Bubukal,Separated,Vocational,Self-Employed,36837,0,No,Yes,Mental/Psychosocial,Legal or de facto separation,2,0,Not Eligible,N/A,,Claimed 'Legal or de facto separation' but duration is only 2 month(s); RA 11861 requires at least 6 month(s) for this category.,,,,,,,,,
Dominic Cruz,62,12/7/1964,M,Patimbao,Separated,High School,Self-Employed,11301,1,Yes,No,N/A,Legal or de facto separation,0,0,Not Eligible,N/A,,Claimed 'Legal or de facto separation' but duration is only 0 month(s); RA 11861 requires at least 6 month(s) for this category.,,,,,,,,,
Ronald Cruz,23,8/1/2003,M,Duhat,Widow,High School,Self-Employed,48291,0,No,No,N/A,Death of spouse,0,0,Not Eligible,N/A,,No qualifying dependent child under the applicant's care; RA 11861 requires sole parental care and support of a child.,,,,,,,,,
Ferdinand Fernandez,56,11/26/1970,M,Duhat,Widow,College,Self-Employed,13402,5,No,Yes,Sensory (Visual/Hearing),Death of spouse,0,0,Eligible,High,"Cash Assistance, Educational Support, Health Support",,,,,,,,,,
Ana Dela Cruz,26,02/16/2000,F,San Juan,Widow,High School,Self-Employed,10645,0,No,Yes,Physical,Death of spouse,0,0,Not Eligible,N/A,,No qualifying dependent child under the applicant's care; RA 11861 requires sole parental care and support of a child.,,,,,,,,,
Corazon Aquino,25,08/15/2001,F,Bubukal,Annulled,Postgraduate,Self-Employed,10070,0,No,No,N/A,"Declaration of nullity, annulment, or divorce",0,0,Not Eligible,N/A,,No qualifying dependent child under the applicant's care; RA 11861 requires sole parental care and support of a child.,,,,,,,,,
Rosalinda Aquino,37,1/7/1989,F,Patimbao,Separated,High School,Unemployed,1285,4,Yes,No,N/A,Legal or de facto separation,34,0,Eligible,High,"Cash Assistance, Educational Support, Livelihood Support",,,,,,,,,,
Ligaya Mendoza,54,6/5/1972,F,San Juan,Single,College,Part-Time,9084,0,No,No,N/A,Pregnant woman solely responsible for unborn child,0,0,Not Eligible,N/A,,Claimed pregnancy category but not marked pregnant.,,,,,,,,,
Marites Ocampo,36,04/18/1990,F,Santisima Cruz,Separated,Elementary,Unemployed,21,2,Yes,Yes,Physical,Legal or de facto separation,10,0,Eligible,High,"Cash Assistance, Educational Support, Health Support, Livelihood Support",,,,,,,,,,
Julius Aquino,57,08/19/1969,M,Labuin,Annulled,High School,Part-Time,4455,3,Yes,No,N/A,"Declaration of nullity, annulment, or divorce",0,0,Eligible,High,"Cash Assistance, Educational Support, Livelihood Support",,,,,,,,,,
Mark Mendoza,26,10/11/2000,M,San Juan,Married,Elementary,Part-Time,10712,2,No,No,N/A,Birth of child due to rape,0,0,Eligible,High,"Cash Assistance, Educational Support, Livelihood Support",,,,,,,,,,
Noel Mendoza,48,1/12/1978,M,San Juan,Married,Postgraduate,Employed,9814,5,Yes,No,N/A,Birth of child due to rape,0,0,Eligible,High,"Cash Assistance, Educational Support",,,,,,,,,,
Angelica Castillo,33,11/13/1993,F,Bubukal,Married,Vocational,Unemployed,528,0,No,No,N/A,Birth of child due to rape,0,0,Not Eligible,N/A,,No qualifying dependent child under the applicant's care; RA 11861 requires sole parental care and support of a child.,,,,,,,,,
Noel Rivera,25,10/1/2001,M,Labuin,Married,Postgraduate,Employed,16948,5,No,No,N/A,Abandonment by spouse,25,0,Eligible,High,Educational Support,,,,,,,,,,
Edwin Fernandez,42,2/4/1984,M,San Juan,Annulled,High School,Part-Time,9366,0,No,No,N/A,"Declaration of nullity, annulment, or divorce",0,0,Not Eligible,N/A,,No qualifying dependent child under the applicant's care; RA 11861 requires sole parental care and support of a child.,,,,,,,,,
Cristina Flores,55,03/25/1971,F,Bubukal,Widow,Elementary,Unemployed,1978,0,No,No,N/A,Death of spouse,0,0,Not Eligible,N/A,,No qualifying dependent child under the applicant's care; RA 11861 requires sole parental care and support of a child.,,,,,,,,,
Cristina Mendoza,58,05/20/1968,F,Bagumbayan,Single,High School,Unemployed,1313,3,Yes,No,N/A,Relative within 4th civil degree assuming care,13,0,Eligible,High,"Cash Assistance, Educational Support, Livelihood Support",,,,,,,,,,
Ferdinand Ramos,47,11/27/1979,M,Bubukal,Married,Postgraduate,Self-Employed,9035,0,No,No,N/A,Spouse/family member/guardian of an OFW,11,0,Not Eligible,N/A,,Claimed 'Spouse/family member/guardian of an OFW' but duration is only 11 month(s); RA 11861 requires at least 12 month(s) for this category.,,,,,,,,,
Carmela Villanueva,52,01/21/1974,F,San Juan,Married,Elementary,Employed,19019,0,No,No,N/A,Abandonment by spouse,8,0,Not Eligible,N/A,,No qualifying dependent child under the applicant's care; RA 11861 requires sole parental care and support of a child.,,,,,,,,,
Ligaya Flores,24,09/17/2002,F,Labuin,Single,High School,Unemployed,2957,2,Yes,No,N/A,Unmarried parent who keeps and rears the child,0,0,Eligible,High,"Cash Assistance, Educational Support, Livelihood Support",,,,,,,,,,
Jose Ocampo,39,7/9/1987,M,Bagumbayan,Widow,College,Unemployed,392,0,No,No,N/A,"Legal guardian, adoptive, or foster parent",0,0,Not Eligible,N/A,,No qualifying dependent child under the applicant's care; RA 11861 requires sole parental care and support of a child.,,,,,,,,,
Ferdinand Rivera,60,3/7/1966,M,San Juan,Widow,High School,Employed,31600,0,No,No,N/A,Death of spouse,0,0,Not Eligible,N/A,,No qualifying dependent child under the applicant's care; RA 11861 requires sole parental care and support of a child.,,,,,,,,,
Arnel Salazar,20,06/20/2006,M,Santisima Cruz,Married,Elementary,Part-Time,5816,0,No,No,N/A,Physical or mental incapacity of spouse,0,0,Not Eligible,N/A,,No qualifying dependent child under the applicant's care; RA 11861 requires sole parental care and support of a child.,,,,,,,,,
Julius Reyes,44,03/19/1982,M,Santisima Cruz,Separated,Postgraduate,Part-Time,13003,4,Yes,Yes,Intellectual/Developmental,Legal or de facto separation,16,0,Eligible,High,"Cash Assistance, Educational Support, Health Support, Livelihood Support",,,,,,,,,,
Noel Aquino,58,12/24/1968,M,Calios,Annulled,Elementary,Employed,34165,0,No,Yes,Mental/Psychosocial,"Declaration of nullity, annulment, or divorce",0,0,Not Eligible,N/A,,No qualifying dependent child under the applicant's care; RA 11861 requires sole parental care and support of a child.,,,,,,,,,
Ana Flores,27,7/12/1999,F,San Juan,Widow,Vocational,Self-Employed,39649,0,No,No,N/A,"Legal guardian, adoptive, or foster parent",0,0,Not Eligible,N/A,,No qualifying dependent child under the applicant's care; RA 11861 requires sole parental care and support of a child.,,,,,,,,,
Christian Flores,50,4/6/1976,M,Alipit,Married,Postgraduate,Part-Time,15465,0,No,No,N/A,"Legal guardian, adoptive, or foster parent",0,0,Not Eligible,N/A,,No qualifying dependent child under the applicant's care; RA 11861 requires sole parental care and support of a child.,,,,,,,,,
Ligaya Bautista,61,11/12/1965,F,Bubukal,Married,Vocational,Employed,18921,0,No,Yes,Physical,Physical or mental incapacity of spouse,0,0,Not Eligible,N/A,,No qualifying dependent child under the applicant's care; RA 11861 requires sole parental care and support of a child.,,,,,,,,,
Joy Mendoza,43,10/4/1983,F,Santisima Cruz,Married,College,Part-Time,12161,4,Yes,Yes,Physical,Physical or mental incapacity of spouse,0,0,Eligible,High,"Cash Assistance, Educational Support, Health Support, Livelihood Support",,,,,,,,,,
Angelica Flores,64,11/15/1962,F,San Pablo Norte,Single,Elementary,Employed,9678,0,No,No,N/A,Pregnant woman solely responsible for unborn child,0,0,Not Eligible,N/A,,Claimed pregnancy category but not marked pregnant.,,,,,,,,,
Maria Fernandez,58,05/20/1968,F,Labuin,Married,Vocational,Part-Time,5571,2,No,No,N/A,Abandonment by spouse,25,0,Eligible,High,"Cash Assistance, Educational Support, Livelihood Support",,,,,,,,,,
Luzviminda Garcia,48,3/1/1978,F,Patimbao,Single,Elementary,Employed,14312,0,No,No,N/A,Birth of child due to rape,0,0,Not Eligible,N/A,,No qualifying dependent child under the applicant's care; RA 11861 requires sole parental care and support of a child.,,,,,,,,,
Noel Garcia,36,3/2/1990,M,Patimbao,Single,Vocational,Unemployed,1975,2,Yes,No,N/A,"Legal guardian, adoptive, or foster parent",0,0,Eligible,High,"Cash Assistance, Educational Support, Livelihood Support",,,,,,,,,,
Carmela Mendoza,48,3/6/1978,F,Patimbao,Married,Elementary,Unemployed,774,3,Yes,Yes,Mental/Psychosocial,Relative within 4th civil degree assuming care,24,0,Eligible,High,"Cash Assistance, Educational Support, Health Support, Livelihood Support",,,,,,,,,,
Ferdinand Dela Cruz,32,12/10/1994,M,Santisima Cruz,Single,Vocational,Employed,46850,0,No,Yes,Mental/Psychosocial,"Legal guardian, adoptive, or foster parent",0,0,Not Eligible,N/A,,No qualifying dependent child under the applicant's care; RA 11861 requires sole parental care and support of a child.,,,,,,,,,
Edwin Del Rosario,67,04/26/1959,M,Duhat,Married,Postgraduate,Employed,23264,0,No,No,N/A,Birth of child due to rape,0,0,Not Eligible,N/A,,No qualifying dependent child under the applicant's care; RA 11861 requires sole parental care and support of a child.,,,,,,,,,
Ramon Fernandez,22,9/9/2004,M,Bagumbayan,Widow,Elementary,Employed,39855,1,Yes,No,N/A,"Legal guardian, adoptive, or foster parent",0,0,Eligible,Medium,Educational Support,,,,,,,,,,
Angelica Bautista,39,2/1/1987,F,San Pablo Norte,Separated,Postgraduate,Self-Employed,24913,4,No,No,N/A,Legal or de facto separation,24,0,Eligible,High,Educational Support,,,,,,,,,,
Mark Mendoza,26,02/23/2000,M,San Pablo Sur,Single,High School,Part-Time,5822,5,No,No,N/A,Relative within 4th civil degree assuming care,27,0,Eligible,High,"Cash Assistance, Educational Support, Livelihood Support",,,,,,,,,,
Noel Flores,68,12/25/1958,M,San Juan,Married,Vocational,Unemployed,726,0,No,No,N/A,Abandonment by spouse,8,0,Not Eligible,N/A,,No qualifying dependent child under the applicant's care; RA 11861 requires sole parental care and support of a child.,,,,,,,,,
Luzviminda Ocampo,37,06/14/1989,F,Calios,Widow,High School,Self-Employed,16911,2,Yes,No,N/A,Relative within 4th civil degree assuming care,21,0,Eligible,Medium,Educational Support,,,,,,,,,,
Christian Flores,42,2/11/1984,M,Bubukal,Married,College,Employed,45705,5,Yes,No,N/A,Detention of spouse (3+ months) or serving sentence,24,0,Eligible,High,Educational Support,,,,,,,,,,
Noel Del Rosario,49,03/13/1977,M,Bubukal,Married,Postgraduate,Unemployed,1140,0,No,Yes,Mental/Psychosocial,Spouse/family member/guardian of an OFW,18,0,Not Eligible,N/A,,No qualifying dependent child under the applicant's care; RA 11861 requires sole parental care and support of a child.,,,,,,,,,
Grace Ramos,24,08/20/2002,F,Labuin,Married,Postgraduate,Part-Time,7702,0,No,No,N/A,Birth of child due to rape,0,0,Not Eligible,N/A,,No qualifying dependent child under the applicant's care; RA 11861 requires sole parental care and support of a child.,,,,,,,,,
Jose Dela Cruz,66,4/2/1960,M,Duhat,Married,Postgraduate,Unemployed,2129,4,No,Yes,Sensory (Visual/Hearing),Relative within 4th civil degree assuming care,3,0,Not Eligible,N/A,,Claimed 'Relative within 4th civil degree assuming care' but duration is only 3 month(s); RA 11861 requires at least 6 month(s) for this category.,,,,,,,,,
Julius Fernandez,51,12/28/1975,M,Santisima Cruz,Married,High School,Unemployed,274,0,No,No,N/A,Abandonment by spouse,24,0,Not Eligible,N/A,,No qualifying dependent child under the applicant's care; RA 11861 requires sole parental care and support of a child.,,,,,,,,,
Josephine Dela Cruz,20,06/16/2006,F,Labuin,Separated,College,Part-Time,9820,3,Yes,No,N/A,Legal or de facto separation,0,0,Not Eligible,N/A,,Claimed 'Legal or de facto separation' but duration is only 0 month(s); RA 11861 requires at least 6 month(s) for this category.,,,,,,,,,
Noel Ramos,37,03/24/1989,M,Bagumbayan,Widow,Elementary,Unemployed,36,2,Yes,No,N/A,"Legal guardian, adoptive, or foster parent",0,0,Eligible,High,"Cash Assistance, Educational Support, Livelihood Support",,,,,,,,,,
Carmela Villanueva,27,1/8/1999,F,Bagumbayan,Married,Vocational,Self-Employed,19225,0,No,No,N/A,Detention of spouse (3+ months) or serving sentence,17,0,Not Eligible,N/A,,No qualifying dependent child under the applicant's care; RA 11861 requires sole parental care and support of a child.,,,,,,,,,
Carmela Castillo,34,03/20/1992,F,San Pablo Norte,Single,Elementary,Unemployed,411,0,No,No,N/A,Pregnant woman solely responsible for unborn child,0,1,Eligible,High,"Cash Assistance, Livelihood Support",,,,,,,,,,
Mark Mendoza,23,1/6/2003,M,Labuin,Single,College,Self-Employed,9798,0,No,No,N/A,Relative within 4th civil degree assuming care,27,0,Not Eligible,N/A,,No qualifying dependent child under the applicant's care; RA 11861 requires sole parental care and support of a child.,,,,,,,,,
Josephine Fernandez,44,12/21/1982,F,Patimbao,Single,Elementary,Unemployed,435,2,Yes,No,N/A,Birth of child due to rape,0,0,Eligible,High,"Cash Assistance, Educational Support, Livelihood Support",,,,,,,,,,
Luzviminda Aquino,60,10/11/1966,F,San Pablo Sur,Single,College,Employed,13586,4,No,No,N/A,Birth of child due to rape,0,0,Eligible,High,"Cash Assistance, Educational Support",,,,,,,,,,
Marites Salazar,27,7/9/1999,F,Duhat,Annulled,Elementary,Self-Employed,9913,0,No,No,N/A,"Declaration of nullity, annulment, or divorce",0,0,Not Eligible,N/A,,No qualifying dependent child under the applicant's care; RA 11861 requires sole parental care and support of a child.,,,,,,,,,
Corazon Ocampo,45,8/9/1981,F,Bagumbayan,Annulled,High School,Self-Employed,5946,0,No,No,N/A,"Declaration of nullity, annulment, or divorce",0,0,Not Eligible,N/A,,No qualifying dependent child under the applicant's care; RA 11861 requires sole parental care and support of a child.,,,,,,,,,
Angelica Fernandez,53,11/27/1973,F,Labuin,Annulled,Vocational,Unemployed,3026,5,Yes,No,N/A,"Declaration of nullity, annulment, or divorce",0,0,Eligible,High,"Cash Assistance, Educational Support, Livelihood Support",,,,,,,,,,
Carmela Reyes,47,08/20/1979,F,Labuin,Separated,High School,Self-Employed,17628,5,Yes,No,N/A,Legal or de facto separation,12,0,Eligible,High,Educational Support,,,,,,,,,,
Arnel Salazar,48,08/22/1978,M,Bagumbayan,Married,College,Employed,24116,5,Yes,No,N/A,Physical or mental incapacity of spouse,0,0,Eligible,High,Educational Support,,,,,,,,,,
Grace Mendoza,32,11/27/1994,F,San Juan,Married,College,Employed,25173,3,Yes,No,N/A,Relative within 4th civil degree assuming care,7,0,Eligible,High,Educational Support,,,,,,,,,,
Teresa Reyes,32,05/27/1994,F,Bagumbayan,Single,High School,Unemployed,5585,4,Yes,No,N/A,Birth of child due to rape,0,0,Eligible,High,"Cash Assistance, Educational Support, Livelihood Support",,,,,,,,,,
Teresa Ocampo,22,10/4/2004,F,Calios,Married,Vocational,Employed,15253,4,No,No,N/A,Detention of spouse (3+ months) or serving sentence,1,0,Not Eligible,N/A,,Claimed 'Detention of spouse (3+ months) or serving sentence' but duration is only 1 month(s); RA 11861 requires at least 3 month(s) for this category.,,,,,,,,,
Danilo Fernandez,68,11/28/1958,M,Labuin,Married,College,Part-Time,5426,4,Yes,No,N/A,Detention of spouse (3+ months) or serving sentence,30,0,Eligible,High,"Cash Assistance, Educational Support, Livelihood Support",,,,,,,,,,
Marilou Santos,20,11/20/2006,F,Bagumbayan,Married,Postgraduate,Part-Time,15929,0,No,No,N/A,Detention of spouse (3+ months) or serving sentence,1,0,Not Eligible,N/A,,Claimed 'Detention of spouse (3+ months) or serving sentence' but duration is only 1 month(s); RA 11861 requires at least 3 month(s) for this category.,,,,,,,,,
Ramon Gonzales,60,03/13/1966,M,San Pablo Sur,Married,Postgraduate,Part-Time,6187,0,No,No,N/A,Spouse/family member/guardian of an OFW,11,0,Not Eligible,N/A,,Claimed 'Spouse/family member/guardian of an OFW' but duration is only 11 month(s); RA 11861 requires at least 12 month(s) for this category.,,,,,,,,,
Ferdinand Gonzales,50,10/6/1976,M,Santisima Cruz,Widow,Vocational,Self-Employed,10160,0,No,No,N/A,Death of spouse,0,0,Not Eligible,N/A,,No qualifying dependent child under the applicant's care; RA 11861 requires sole parental care and support of a child.,,,,,,,,,
Marites Garcia,64,01/23/1962,F,San Pablo Sur,Married,Elementary,Part-Time,9992,2,No,Yes,Physical,Abandonment by spouse,33,0,Eligible,High,"Cash Assistance, Educational Support, Health Support, Livelihood Support",,,,,,,,,,
Ligaya Villanueva,40,11/4/1986,F,Bagumbayan,Widow,Postgraduate,Unemployed,219,1,Yes,No,N/A,Death of spouse,0,0,Eligible,High,"Cash Assistance, Educational Support, Livelihood Support",,,,,,,,,,
Julius Aquino,36,06/26/1990,M,San Pablo Norte,Single,Vocational,Self-Employed,18292,1,Yes,Yes,Physical,Birth of child due to rape,0,0,Eligible,High,"Educational Support, Health Support",,,,,,,,,,
Josephine Garcia,24,1/5/2002,F,Calios,Single,Postgraduate,Self-Employed,12464,0,No,No,N/A,Pregnant woman solely responsible for unborn child,0,1,Eligible,High,Cash Assistance,,,,,,,,,,
Marilou Villanueva,57,08/26/1969,F,Duhat,Married,Postgraduate,Employed,5159,0,No,No,N/A,Abandonment by spouse,27,0,Not Eligible,N/A,,No qualifying dependent child under the applicant's care; RA 11861 requires sole parental care and support of a child.,,,,,,,,,
Luzviminda Ocampo,24,07/16/2002,F,Duhat,Married,High School,Self-Employed,6626,0,No,No,N/A,Birth of child due to rape,0,0,Not Eligible,N/A,,No qualifying dependent child under the applicant's care; RA 11861 requires sole parental care and support of a child.,,,,,,,,,
Luzviminda Salazar,47,11/19/1979,F,Calios,Married,Postgraduate,Employed,25249,3,Yes,No,N/A,"Legal guardian, adoptive, or foster parent",0,0,Eligible,High,Educational Support,,,,,,,,,,
Christian Reyes,50,1/4/1976,M,Patimbao,Married,College,Unemployed,2129,0,No,No,N/A,Birth of child due to rape,0,0,Not Eligible,N/A,,No qualifying dependent child under the applicant's care; RA 11861 requires sole parental care and support of a child.,,,,,,,,,
Corazon Aquino,28,07/14/1998,F,San Pablo Sur,Married,High School,Employed,25817,0,No,No,N/A,Physical or mental incapacity of spouse,0,0,Not Eligible,N/A,,No qualifying dependent child under the applicant's care; RA 11861 requires sole parental care and support of a child.,,,,,,,,,
Grace Dela Cruz,56,09/17/1970,F,Bagumbayan,Single,Vocational,Unemployed,1109,4,Yes,Yes,Mental/Psychosocial,Birth of child due to rape,0,0,Eligible,High,"Cash Assistance, Educational Support, Health Support, Livelihood Support",,,,,,,,,,
Arnel Del Rosario,66,12/15/1960,M,Bubukal,Widow,Elementary,Part-Time,8663,5,Yes,No,N/A,Death of spouse,0,0,Eligible,High,"Cash Assistance, Educational Support, Livelihood Support",,,,,,,,,,
Ronald Flores,68,01/28/1958,M,Duhat,Widow,High School,Part-Time,9212,3,Yes,Yes,Intellectual/Developmental,Death of spouse,0,0,Eligible,High,"Cash Assistance, Educational Support, Health Support, Livelihood Support",,,,,,,,,,
Jose Ramos,54,01/15/1972,M,San Pablo Sur,Married,High School,Unemployed,376,5,Yes,No,N/A,"Legal guardian, adoptive, or foster parent",0,0,Eligible,High,"Cash Assistance, Educational Support, Livelihood Support",,,,,,,,,,
Carmela Ocampo,25,7/12/2001,F,Bagumbayan,Widow,Vocational,Part-Time,5377,0,No,Yes,Physical,Relative within 4th civil degree assuming care,33,0,Not Eligible,N/A,,No qualifying dependent child under the applicant's care; RA 11861 requires sole parental care and support of a child.,,,,,,,,,
Maria Cruz,41,02/21/1985,F,Duhat,Married,College,Self-Employed,5156,2,Yes,No,N/A,Spouse/family member/guardian of an OFW,1,0,Not Eligible,N/A,,Claimed 'Spouse/family member/guardian of an OFW' but duration is only 1 month(s); RA 11861 requires at least 12 month(s) for this category.,,,,,,,,,
Roberto Flores,61,09/26/1965,M,San Pablo Norte,Single,College,Self-Employed,14907,3,No,No,N/A,Relative within 4th civil degree assuming care,3,0,Not Eligible,N/A,,Claimed 'Relative within 4th civil degree assuming care' but duration is only 3 month(s); RA 11861 requires at least 6 month(s) for this category.,,,,,,,,,
Luzviminda Gonzales,38,3/5/1988,F,San Pablo Sur,Single,Elementary,Employed,13817,0,No,No,N/A,Birth of child due to rape,0,0,Not Eligible,N/A,,No qualifying dependent child under the applicant's care; RA 11861 requires sole parental care and support of a child.,,,,,,,,,
Corazon Pascual,39,6/2/1987,F,San Pablo Norte,Married,Vocational,Self-Employed,33458,3,Yes,No,N/A,Spouse/family member/guardian of an OFW,26,0,Eligible,High,Educational Support,,,,,,,,,,
Mark Villanueva,42,1/10/1984,M,Bagumbayan,Single,Vocational,Part-Time,5926,2,No,No,N/A,Unmarried parent who keeps and rears the child,0,0,Eligible,High,"Cash Assistance, Educational Support, Livelihood Support",,,,,,,,,,
Marites Garcia,35,7/3/1991,F,San Pablo Sur,Single,Elementary,Employed,17680,0,No,No,N/A,Pregnant woman solely responsible for unborn child,0,0,Not Eligible,N/A,,Claimed pregnancy category but not marked pregnant.,,,,,,,,,
Marites Reyes,43,09/25/1983,F,Calios,Married,High School,Part-Time,7912,4,Yes,No,N/A,Abandonment by spouse,3,0,Not Eligible,N/A,,Claimed 'Abandonment by spouse' but duration is only 3 month(s); RA 11861 requires at least 6 month(s) for this category.,,,,,,,,,
Luzviminda Fernandez,66,09/17/1960,F,Alipit,Married,Vocational,Employed,32707,3,Yes,No,N/A,Detention of spouse (3+ months) or serving sentence,32,0,Eligible,High,Educational Support,,,,,,,,,,
Ronald Garcia,39,12/2/1987,M,Santisima Cruz,Annulled,Vocational,Part-Time,14296,1,Yes,No,N/A,"Declaration of nullity, annulment, or divorce",0,0,Eligible,High,"Cash Assistance, Educational Support, Livelihood Support",,,,,,,,,,
Josephine Torres,48,01/24/1978,F,Bagumbayan,Single,Vocational,Self-Employed,32197,4,Yes,No,N/A,Unmarried parent who keeps and rears the child,0,0,Eligible,High,Educational Support,,,,,,,,,,
Carmela Ramos,43,9/5/1983,F,Santisima Cruz,Separated,Postgraduate,Employed,12074,3,Yes,Yes,Sensory (Visual/Hearing),Legal or de facto separation,31,0,Eligible,High,"Cash Assistance, Educational Support, Health Support",,,,,,,,,,
Analyn Garcia,21,03/18/2005,F,Bubukal,Married,College,Part-Time,3243,1,No,Yes,Intellectual/Developmental,Detention of spouse (3+ months) or serving sentence,22,0,Eligible,High,"Cash Assistance, Educational Support, Health Support, Livelihood Support",,,,,,,,,,
Analyn Garcia,33,03/18/1993,F,Calios,Single,Postgraduate,Self-Employed,9362,0,No,No,N/A,Pregnant woman solely responsible for unborn child,0,1,Eligible,High,Cash Assistance,,,,,,,,,,
Luzviminda Garcia,53,03/21/1973,F,Alipit,Single,Elementary,Unemployed,494,0,No,No,N/A,Pregnant woman solely responsible for unborn child,0,1,Eligible,High,"Cash Assistance, Livelihood Support",,,,,,,,,,
Carmela Pascual,57,4/2/1969,F,Santisima Cruz,Single,Vocational,Self-Employed,37884,0,No,No,N/A,Unmarried parent who keeps and rears the child,0,0,Not Eligible,N/A,,No qualifying dependent child under the applicant's care; RA 11861 requires sole parental care and support of a child.,,,,,,,,,
Marilou Rivera,45,02/21/1981,F,Duhat,Annulled,High School,Employed,23349,0,No,No,N/A,"Declaration of nullity, annulment, or divorce",0,0,Not Eligible,N/A,,No qualifying dependent child under the applicant's care; RA 11861 requires sole parental care and support of a child.,,,,,,,,,
Josephine Rivera,58,2/2/1968,F,Labuin,Widow,College,Self-Employed,6080,0,No,No,N/A,"Legal guardian, adoptive, or foster parent",0,0,Not Eligible,N/A,,No qualifying dependent child under the applicant's care; RA 11861 requires sole parental care and support of a child.,,,,,,,,,
Ramon Aquino,27,01/20/1999,M,San Pablo Sur,Widow,Vocational,Employed,11920,4,Yes,No,N/A,Death of spouse,0,0,Eligible,High,"Cash Assistance, Educational Support",,,,,,,,,,
Edwin Mendoza,68,05/23/1958,M,Bubukal,Married,High School,Employed,39008,2,Yes,No,N/A,Birth of child due to rape,0,0,Eligible,Medium,Educational Support,,,,,,,,,,
Angelica Aquino,55,06/24/1971,F,Labuin,Married,High School,Unemployed,2857,0,No,No,N/A,Physical or mental incapacity of spouse,0,0,Not Eligible,N/A,,No qualifying dependent child under the applicant's care; RA 11861 requires sole parental care and support of a child.,,,,,,,,,
Corazon Mendoza,38,7/9/1988,F,Calios,Married,College,Employed,12556,0,No,No,N/A,"Legal guardian, adoptive, or foster parent",0,0,Not Eligible,N/A,,No qualifying dependent child under the applicant's care; RA 11861 requires sole parental care and support of a child.,,,,,,,,,
Ligaya Garcia,61,7/1/1965,F,Calios,Single,Vocational,Unemployed,147,0,No,No,N/A,Pregnant woman solely responsible for unborn child,0,1,Eligible,High,"Cash Assistance, Livelihood Support",,,,,,,,,,
Dominic Torres,31,11/2/1995,M,Duhat,Married,Elementary,Employed,64173,0,No,No,N/A,Detention of spouse (3+ months) or serving sentence,7,0,Not Eligible,N/A,,No qualifying dependent child under the applicant's care; RA 11861 requires sole parental care and support of a child.,,,,,,,,,
Carmela Salazar,27,4/7/1999,F,Duhat,Separated,Vocational,Employed,11392,3,Yes,No,N/A,Legal or de facto separation,5,0,Not Eligible,N/A,,Claimed 'Legal or de facto separation' but duration is only 5 month(s); RA 11861 requires at least 6 month(s) for this category.,,,,,,,,,
Luzviminda Dela Cruz,55,12/2/1971,F,Patimbao,Single,College,Self-Employed,8068,0,No,No,N/A,Pregnant woman solely responsible for unborn child,0,0,Not Eligible,N/A,,Claimed pregnancy category but not marked pregnant.,,,,,,,,,
Carmela Gonzales,60,08/23/1966,F,Patimbao,Single,College,Employed,28025,4,No,No,N/A,Unmarried parent who keeps and rears the child,0,0,Eligible,High,Educational Support,,,,,,,,,,
Joy Pascual,51,09/23/1975,F,Labuin,Widow,Elementary,Self-Employed,6943,2,No,Yes,Mental/Psychosocial,Relative within 4th civil degree assuming care,5,0,Not Eligible,N/A,,Claimed 'Relative within 4th civil degree assuming care' but duration is only 5 month(s); RA 11861 requires at least 6 month(s) for this category.,,,,,,,,,
Ligaya Ramos,53,07/21/1973,F,Calios,Married,Elementary,Employed,35558,5,Yes,No,N/A,"Legal guardian, adoptive, or foster parent",0,0,Eligible,High,Educational Support,,,,,,,,,,
Mark Rivera,46,10/6/1980,M,Bagumbayan,Widow,High School,Part-Time,10954,1,No,Yes,Mental/Psychosocial,Death of spouse,0,0,Eligible,High,"Cash Assistance, Educational Support, Health Support, Livelihood Support",,,,,,,,,,
Angelica Garcia,66,7/2/1960,F,Alipit,Single,Postgraduate,Unemployed,653,5,Yes,Yes,Mental/Psychosocial,Unmarried parent who keeps and rears the child,0,0,Eligible,High,"Cash Assistance, Educational Support, Health Support, Livelihood Support",,,,,,,,,,
Carmela Pascual,63,3/7/1963,F,San Juan,Married,Vocational,Part-Time,3198,3,Yes,No,N/A,Spouse/family member/guardian of an OFW,6,0,Not Eligible,N/A,,Claimed 'Spouse/family member/guardian of an OFW' but duration is only 6 month(s); RA 11861 requires at least 12 month(s) for this category.,,,,,,,,,
Analyn Garcia,51,08/13/1975,F,Bagumbayan,Married,Postgraduate,Self-Employed,10926,4,No,No,N/A,Spouse/family member/guardian of an OFW,25,0,Eligible,High,"Cash Assistance, Educational Support",,,,,,,,,,
Jose Castillo,34,07/21/1992,M,San Juan,Widow,Vocational,Part-Time,8102,5,No,No,N/A,Death of spouse,0,0,Eligible,High,"Cash Assistance, Educational Support, Livelihood Support",,,,,,,,,,
Luzviminda Ramos,51,6/5/1975,F,Patimbao,Separated,Vocational,Self-Employed,23458,0,No,Yes,Intellectual/Developmental,Legal or de facto separation,23,0,Not Eligible,N/A,,No qualifying dependent child under the applicant's care; RA 11861 requires sole parental care and support of a child.,,,,,,,,,
Luzviminda Garcia,50,09/25/1976,F,Santisima Cruz,Married,College,Unemployed,1481,2,Yes,No,N/A,Spouse/family member/guardian of an OFW,0,0,Not Eligible,N/A,,Claimed 'Spouse/family member/guardian of an OFW' but duration is only 0 month(s); RA 11861 requires at least 12 month(s) for this category.,,,,,,,,,
Reynaldo Castillo,40,10/18/1986,M,Patimbao,Widow,Postgraduate,Unemployed,4647,3,Yes,Yes,Sensory (Visual/Hearing),Death of spouse,0,0,Eligible,High,"Cash Assistance, Educational Support, Health Support, Livelihood Support",,,,,,,,,,
Ferdinand Garcia,27,11/5/1999,M,Santisima Cruz,Married,Postgraduate,Self-Employed,8759,0,No,No,N/A,"Legal guardian, adoptive, or foster parent",0,0,Not Eligible,N/A,,No qualifying dependent child under the applicant's care; RA 11861 requires sole parental care and support of a child.,,,,,,,,,
Maria Garcia,60,4/2/1966,F,San Juan,Married,College,Unemployed,3399,0,No,No,N/A,Detention of spouse (3+ months) or serving sentence,17,0,Not Eligible,N/A,,No qualifying dependent child under the applicant's care; RA 11861 requires sole parental care and support of a child.,,,,,,,,,
Maria Aquino,54,07/28/1972,F,Bagumbayan,Single,Vocational,Part-Time,8257,0,No,No,N/A,Pregnant woman solely responsible for unborn child,0,0,Not Eligible,N/A,,Claimed pregnancy category but not marked pregnant.,,,,,,,,,
Rosalinda Garcia,45,04/13/1981,F,Santisima Cruz,Married,High School,Part-Time,13858,5,Yes,No,N/A,Abandonment by spouse,2,0,Not Eligible,N/A,,Claimed 'Abandonment by spouse' but duration is only 2 month(s); RA 11861 requires at least 6 month(s) for this category.,,,,,,,,,
Julius Santos,24,11/14/2002,M,Calios,Separated,High School,Part-Time,6287,0,No,No,N/A,Legal or de facto separation,34,0,Not Eligible,N/A,,No qualifying dependent child under the applicant's care; RA 11861 requires sole parental care and support of a child.,,,,,,,,,
Angelica Salazar,63,2/5/1963,F,San Pablo Norte,Annulled,High School,Unemployed,479,0,No,No,N/A,"Declaration of nullity, annulment, or divorce",0,0,Not Eligible,N/A,,No qualifying dependent child under the applicant's care; RA 11861 requires sole parental care and support of a child.,,,,,,,,,
Cristina Mendoza,27,09/25/1999,F,San Juan,Married,Elementary,Unemployed,2330,0,No,No,N/A,Abandonment by spouse,18,0,Not Eligible,N/A,,No qualifying dependent child under the applicant's care; RA 11861 requires sole parental care and support of a child.,,,,,,,,,
Luzviminda Santos,54,4/7/1972,F,Calios,Married,High School,Employed,60896,3,Yes,No,N/A,Detention of spouse (3+ months) or serving sentence,0,0,Not Eligible,N/A,,Claimed 'Detention of spouse (3+ months) or serving sentence' but duration is only 0 month(s); RA 11861 requires at least 3 month(s) for this category.,,,,,,,,,
Maria Salazar,31,11/20/1995,F,Santisima Cruz,Single,Elementary,Self-Employed,16301,4,Yes,No,N/A,Unmarried parent who keeps and rears the child,0,0,Eligible,High,Educational Support,,,,,,,,,,
Ramon Rivera,23,07/13/2003,M,Duhat,Widow,Postgraduate,Employed,28723,5,No,No,N/A,Death of spouse,0,0,Eligible,High,Educational Support,,,,,,,,,,
Jose Castillo,23,8/5/2003,M,San Juan,Separated,College,Employed,43962,0,No,No,N/A,Legal or de facto separation,26,0,Not Eligible,N/A,,No qualifying dependent child under the applicant's care; RA 11861 requires sole parental care and support of a child.,,,,,,,,,
Ana Santos,34,05/21/1992,F,San Pablo Sur,Married,Elementary,Employed,16579,0,No,No,N/A,"Legal guardian, adoptive, or foster parent",0,0,Not Eligible,N/A,,No qualifying dependent child under the applicant's care; RA 11861 requires sole parental care and support of a child.,,,,,,,,,
Grace Ocampo,27,07/21/1999,F,San Pablo Sur,Single,Postgraduate,Self-Employed,15925,0,No,Yes,Physical,Pregnant woman solely responsible for unborn child,0,1,Eligible,High,Health Support,,,,,,,,,,
Edwin Aquino,24,01/28/2002,M,Patimbao,Married,Postgraduate,Employed,22827,0,No,No,N/A,Physical or mental incapacity of spouse,0,0,Not Eligible,N/A,,No qualifying dependent child under the applicant's care; RA 11861 requires sole parental care and support of a child.,,,,,,,,,
Edwin Ramos,28,06/19/1998,M,Duhat,Married,College,Part-Time,4348,2,No,No,N/A,Physical or mental incapacity of spouse,0,0,Eligible,High,"Cash Assistance, Educational Support, Livelihood Support",,,,,,,,,,
Christian Garcia,64,08/17/1962,M,San Pablo Norte,Married,Elementary,Employed,14202,4,Yes,Yes,Intellectual/Developmental,Detention of spouse (3+ months) or serving sentence,2,0,Not Eligible,N/A,,Claimed 'Detention of spouse (3+ months) or serving sentence' but duration is only 2 month(s); RA 11861 requires at least 3 month(s) for this category.,,,,,,,,,
Arnel Aquino,24,6/7/2002,M,Calios,Married,Postgraduate,Employed,15875,2,Yes,No,N/A,Detention of spouse (3+ months) or serving sentence,1,0,Not Eligible,N/A,,Claimed 'Detention of spouse (3+ months) or serving sentence' but duration is only 1 month(s); RA 11861 requires at least 3 month(s) for this category.,,,,,,,,,
Ligaya Torres,57,01/13/1969,F,Alipit,Married,Elementary,Self-Employed,5448,0,No,No,N/A,Abandonment by spouse,31,0,Not Eligible,N/A,,No qualifying dependent child under the applicant's care; RA 11861 requires sole parental care and support of a child.,,,,,,,,,
Teresa Cruz,49,8/12/1977,F,Labuin,Married,High School,Part-Time,2487,4,Yes,No,N/A,Detention of spouse (3+ months) or serving sentence,28,0,Eligible,High,"Cash Assistance, Educational Support, Livelihood Support",,,,,,,,,,
Angelica Gonzales,44,11/12/1982,F,Duhat,Annulled,High School,Employed,39726,0,No,No,N/A,"Declaration of nullity, annulment, or divorce",0,0,Not Eligible,N/A,,No qualifying dependent child under the applicant's care; RA 11861 requires sole parental care and support of a child.,,,,,,,,,
Carmela Fernandez,43,05/15/1983,F,Patimbao,Widow,Postgraduate,Self-Employed,24985,3,Yes,No,N/A,Death of spouse,0,0,Eligible,High,Educational Support,,,,,,,,,,
Corazon Pascual,55,03/17/1971,F,Bagumbayan,Married,Elementary,Part-Time,7431,0,No,No,N/A,Spouse/family member/guardian of an OFW,16,0,Not Eligible,N/A,,No qualifying dependent child under the applicant's care; RA 11861 requires sole parental care and support of a child.,,,,,,,,,
Ligaya Santos,44,6/6/1982,F,Santisima Cruz,Single,Elementary,Unemployed,8000,0,No,No,N/A,Pregnant woman solely responsible for unborn child,0,0,Not Eligible,N/A,,Claimed pregnancy category but not marked pregnant.,,,,,,,,,
Carmela Dela Cruz,41,08/23/1985,F,Santisima Cruz,Single,College,Part-Time,11045,0,No,No,N/A,Pregnant woman solely responsible for unborn child,0,0,Not Eligible,N/A,,Claimed pregnancy category but not marked pregnant.,,,,,,,,,
Mark Reyes,60,02/23/1966,M,Bagumbayan,Single,Elementary,Employed,15997,4,Yes,No,N/A,Unmarried parent who keeps and rears the child,0,0,Eligible,High,Educational Support,,,,,,,,,,
Rosalinda Mendoza,33,04/19/1993,F,Bagumbayan,Married,Vocational,Employed,17607,0,No,No,N/A,"Legal guardian, adoptive, or foster parent",0,0,Not Eligible,N/A,,No qualifying dependent child under the applicant's care; RA 11861 requires sole parental care and support of a child.,,,,,,,,,
Ana Villanueva,23,3/7/2003,F,Patimbao,Single,Vocational,Self-Employed,15552,0,No,No,N/A,Pregnant woman solely responsible for unborn child,0,0,Not Eligible,N/A,,Claimed pregnancy category but not marked pregnant.,,,,,,,,,
Mark Santos,27,10/10/1999,M,Patimbao,Single,Elementary,Part-Time,8279,1,Yes,No,N/A,Relative within 4th civil degree assuming care,2,0,Not Eligible,N/A,,Claimed 'Relative within 4th civil degree assuming care' but duration is only 2 month(s); RA 11861 requires at least 6 month(s) for this category.,,,,,,,,,
Marites Ocampo,19,08/13/2007,F,San Juan,Single,College,Self-Employed,18825,0,No,No,N/A,Pregnant woman solely responsible for unborn child,0,1,Eligible,Medium,Health Support,,,,,,,,,,
Noel Santos,26,02/19/2000,M,Duhat,Widow,High School,Self-Employed,19891,1,Yes,No,N/A,Relative within 4th civil degree assuming care,10,0,Eligible,Medium,Educational Support,,,,,,,,,,
Noel Pascual,20,2/3/2006,M,Bagumbayan,Married,College,Self-Employed,7139,0,No,No,N/A,Physical or mental incapacity of spouse,0,0,Not Eligible,N/A,,No qualifying dependent child under the applicant's care; RA 11861 requires sole parental care and support of a child.,,,,,,,,,
Josephine Gonzales,61,07/25/1965,F,Santisima Cruz,Married,Postgraduate,Employed,9673,5,No,No,N/A,Physical or mental incapacity of spouse,0,0,Eligible,High,"Cash Assistance, Educational Support",,,,,,,,,,
Rosalinda Castillo,56,3/10/1970,F,Bubukal,Widow,Postgraduate,Unemployed,921,4,Yes,No,N/A,Death of spouse,0,0,Eligible,High,"Cash Assistance, Educational Support, Livelihood Support",,,,,,,,,,
Julius Aquino,64,12/14/1962,M,Alipit,Single,Postgraduate,Employed,13719,0,No,No,N/A,"Legal guardian, adoptive, or foster parent",0,0,Not Eligible,N/A,,No qualifying dependent child under the applicant's care; RA 11861 requires sole parental care and support of a child.,,,,,,,,,
Corazon Bautista,41,02/15/1985,F,Calios,Married,Postgraduate,Employed,9980,4,Yes,Yes,Sensory (Visual/Hearing),"Legal guardian, adoptive, or foster parent",0,0,Eligible,High,"Cash Assistance, Educational Support, Health Support",,,,,,,,,,
Grace Ramos,23,11/18/2003,F,San Pablo Sur,Married,College,Unemployed,31,5,No,Yes,Physical,"Legal guardian, adoptive, or foster parent",0,0,Eligible,High,"Cash Assistance, Educational Support, Health Support, Livelihood Support",,,,,,,,,,
Teresa Salazar,57,5/11/1969,F,San Pablo Norte,Married,High School,Self-Employed,20558,5,No,No,N/A,Abandonment by spouse,12,0,Eligible,High,Educational Support,,,,,,,,,,
Joy Aquino,45,11/12/1981,F,Labuin,Annulled,Elementary,Self-Employed,11801,0,No,No,N/A,"Declaration of nullity, annulment, or divorce",0,0,Not Eligible,N/A,,No qualifying dependent child under the applicant's care; RA 11861 requires sole parental care and support of a child.,,,,,,,,,
Ronald Villanueva,43,11/26/1983,M,San Pablo Sur,Widow,High School,Part-Time,7334,0,No,No,N/A,"Legal guardian, adoptive, or foster parent",0,0,Not Eligible,N/A,,No qualifying dependent child under the applicant's care; RA 11861 requires sole parental care and support of a child.,,,,,,,,,
Arnel Rivera,44,04/14/1982,M,Bubukal,Widow,Postgraduate,Part-Time,8124,3,Yes,No,N/A,Death of spouse,0,0,Eligible,High,"Cash Assistance, Educational Support, Livelihood Support",,,,,,,,,,
Ana Ramos,32,4/12/1994,F,San Juan,Married,Elementary,Part-Time,6348,4,Yes,No,N/A,Spouse/family member/guardian of an OFW,35,0,Eligible,High,"Cash Assistance, Educational Support, Livelihood Support",,,,,,,,,,
Teresa Garcia,45,1/8/1981,F,San Pablo Sur,Widow,College,Self-Employed,30435,0,No,No,N/A,Death of spouse,0,0,Not Eligible,N/A,,No qualifying dependent child under the applicant's care; RA 11861 requires sole parental care and support of a child.,,,,,,,,,
Danilo Ramos,55,01/20/1971,M,San Pablo Norte,Widow,Vocational,Employed,13660,0,No,Yes,Intellectual/Developmental,Death of spouse,0,0,Not Eligible,N/A,,No qualifying dependent child under the applicant's care; RA 11861 requires sole parental care and support of a child.,,,,,,,,,
Edwin Flores,46,10/16/1980,M,Calios,Married,Postgraduate,Unemployed,448,5,Yes,Yes,Physical,Detention of spouse (3+ months) or serving sentence,16,0,Eligible,High,"Cash Assistance, Educational Support, Health Support, Livelihood Support",,,,,,,,,,
Joy Pascual,40,05/21/1986,F,San Pablo Norte,Married,Vocational,Self-Employed,39977,0,No,No,N/A,Abandonment by spouse,3,0,Not Eligible,N/A,,Claimed 'Abandonment by spouse' but duration is only 3 month(s); RA 11861 requires at least 6 month(s) for this category.,,,,,,,,,
Roberto Torres,54,01/16/1972,M,Calios,Widow,High School,Unemployed,993,3,Yes,No,N/A,Death of spouse,0,0,Eligible,High,"Cash Assistance, Educational Support, Livelihood Support",,,,,,,,,,
Marites Castillo,61,11/21/1965,F,Duhat,Single,College,Part-Time,12903,0,No,No,N/A,Pregnant woman solely responsible for unborn child,0,0,Not Eligible,N/A,,Claimed pregnancy category but not marked pregnant.,,,,,,,,,
Rosalinda Castillo,41,10/22/1985,F,Bubukal,Separated,High School,Part-Time,8772,2,Yes,Yes,Sensory (Visual/Hearing),Legal or de facto separation,24,0,Eligible,High,"Cash Assistance, Educational Support, Health Support, Livelihood Support",,,,,,,,,,
Mark Aquino,60,12/6/1966,M,Santisima Cruz,Married,Elementary,Unemployed,1277,2,No,No,N/A,Spouse/family member/guardian of an OFW,15,0,Eligible,High,"Cash Assistance, Educational Support, Livelihood Support",,,,,,,,,,
Edwin Ocampo,20,06/14/2006,M,Calios,Married,College,Self-Employed,5710,5,Yes,No,N/A,Spouse/family member/guardian of an OFW,21,0,Eligible,High,"Cash Assistance, Educational Support",,,,,,,,,,
Jose Salazar,51,12/17/1975,M,Patimbao,Married,Vocational,Self-Employed,5797,0,No,No,N/A,Abandonment by spouse,9,0,Not Eligible,N/A,,No qualifying dependent child under the applicant's care; RA 11861 requires sole parental care and support of a child.,,,,,,,,,
Grace Del Rosario,24,3/3/2002,F,San Juan,Single,Vocational,Self-Employed,7687,0,No,No,N/A,Unmarried parent who keeps and rears the child,0,0,Not Eligible,N/A,,No qualifying dependent child under the applicant's care; RA 11861 requires sole parental care and support of a child.,,,,,,,,,
Reynaldo Ocampo,53,05/25/1973,M,Bubukal,Married,High School,Part-Time,10530,0,No,No,N/A,Physical or mental incapacity of spouse,0,0,Not Eligible,N/A,,No qualifying dependent child under the applicant's care; RA 11861 requires sole parental care and support of a child.,,,,,,,,,
Luzviminda Dela Cruz,38,1/6/1988,F,Bubukal,Married,High School,Self-Employed,10924,1,Yes,No,N/A,Detention of spouse (3+ months) or serving sentence,2,0,Not Eligible,N/A,,Claimed 'Detention of spouse (3+ months) or serving sentence' but duration is only 2 month(s); RA 11861 requires at least 3 month(s) for this category.,,,,,,,,,
Luzviminda Garcia,57,08/27/1969,F,Bagumbayan,Married,Vocational,Self-Employed,13505,0,No,Yes,Sensory (Visual/Hearing),Abandonment by spouse,9,0,Not Eligible,N/A,,No qualifying dependent child under the applicant's care; RA 11861 requires sole parental care and support of a child.,,,,,,,,,
Noel Rivera,31,02/15/1995,M,San Pablo Norte,Married,Vocational,Unemployed,2268,0,No,No,N/A,Spouse/family member/guardian of an OFW,29,0,Not Eligible,N/A,,No qualifying dependent child under the applicant's care; RA 11861 requires sole parental care and support of a child.,,,,,,,,,
Christian Mendoza,47,10/19/1979,M,Patimbao,Married,Vocational,Unemployed,115,1,Yes,No,N/A,Spouse/family member/guardian of an OFW,12,0,Eligible,High,"Cash Assistance, Educational Support, Livelihood Support",,,,,,,,,,
Julius Reyes,57,12/25/1969,M,Bubukal,Single,Elementary,Part-Time,7165,3,Yes,No,N/A,Relative within 4th civil degree assuming care,5,0,Not Eligible,N/A,,Claimed 'Relative within 4th civil degree assuming care' but duration is only 5 month(s); RA 11861 requires at least 6 month(s) for this category.,,,,,,,,,
Marites Del Rosario,35,12/6/1991,F,Labuin,Married,Vocational,Employed,40549,5,Yes,No,N/A,Detention of spouse (3+ months) or serving sentence,0,0,Not Eligible,N/A,,Claimed 'Detention of spouse (3+ months) or serving sentence' but duration is only 0 month(s); RA 11861 requires at least 3 month(s) for this category.,,,,,,,,,
Maria Gonzales,62,05/16/1964,F,San Pablo Sur,Married,Elementary,Part-Time,4111,0,No,No,N/A,Birth of child due to rape,0,0,Not Eligible,N/A,,No qualifying dependent child under the applicant's care; RA 11861 requires sole parental care and support of a child.,,,,,,,,,
Arnel Flores,61,11/13/1965,M,Calios,Single,Vocational,Part-Time,13146,0,No,No,N/A,Unmarried parent who keeps and rears the child,0,0,Not Eligible,N/A,,No qualifying dependent child under the applicant's care; RA 11861 requires sole parental care and support of a child.,,,,,,,,,
Mark Torres,38,11/20/1988,M,Labuin,Married,Postgraduate,Part-Time,6459,3,Yes,No,N/A,Detention of spouse (3+ months) or serving sentence,28,0,Eligible,High,"Cash Assistance, Educational Support, Livelihood Support",,,,,,,,,,
Mark Reyes,62,7/5/1964,M,San Juan,Married,Postgraduate,Part-Time,10150,0,No,No,N/A,Spouse/family member/guardian of an OFW,24,0,Not Eligible,N/A,,No qualifying dependent child under the applicant's care; RA 11861 requires sole parental care and support of a child.,,,,,,,,,
Julius Cruz,22,2/9/2004,M,Duhat,Single,Vocational,Self-Employed,3873,0,No,No,N/A,Unmarried parent who keeps and rears the child,0,0,Not Eligible,N/A,,No qualifying dependent child under the applicant's care; RA 11861 requires sole parental care and support of a child.,,,,,,,,,
Roberto Garcia,22,09/13/2004,M,San Juan,Married,Elementary,Unemployed,285,2,Yes,No,N/A,Physical or mental incapacity of spouse,0,0,Eligible,High,"Cash Assistance, Educational Support, Livelihood Support",,,,,,,,,,
Ronald Gonzales,49,8/8/1977,M,Duhat,Married,College,Part-Time,8311,5,No,No,N/A,Abandonment by spouse,23,0,Eligible,High,"Cash Assistance, Educational Support, Livelihood Support",,,,,,,,,,
Jose Mendoza,57,07/15/1969,M,Duhat,Married,High School,Part-Time,12147,2,Yes,No,N/A,Detention of spouse (3+ months) or serving sentence,1,0,Not Eligible,N/A,,Claimed 'Detention of spouse (3+ months) or serving sentence' but duration is only 1 month(s); RA 11861 requires at least 3 month(s) for this category.,,,,,,,,,
Ramon Fernandez,32,1/8/1994,M,Duhat,Married,Elementary,Employed,23202,1,Yes,No,N/A,Abandonment by spouse,8,0,Eligible,Medium,Educational Support,,,,,,,,,,
Ronald Fernandez,26,12/18/2000,M,Santisima Cruz,Single,Postgraduate,Unemployed,2009,0,No,No,N/A,Unmarried parent who keeps and rears the child,0,0,Not Eligible,N/A,,No qualifying dependent child under the applicant's care; RA 11861 requires sole parental care and support of a child.,,,,,,,,,
Roberto Del Rosario,26,1/5/2000,M,Bubukal,Married,Postgraduate,Unemployed,120,0,No,No,N/A,Abandonment by spouse,13,0,Not Eligible,N/A,,No qualifying dependent child under the applicant's care; RA 11861 requires sole parental care and support of a child.,,,,,,,,,
Cristina Ramos,53,06/20/1973,F,Bubukal,Married,Elementary,Unemployed,1922,1,Yes,No,N/A,Relative within 4th civil degree assuming care,7,0,Eligible,High,"Cash Assistance, Educational Support, Livelihood Support",,,,,,,,,,
Teresa Bautista,26,12/7/2000,F,San Juan,Married,College,Unemployed,1212,5,Yes,No,N/A,Spouse/family member/guardian of an OFW,14,0,Eligible,High,"Cash Assistance, Educational Support, Livelihood Support",,,,,,,,,,
Corazon Del Rosario,53,6/8/1973,F,Bagumbayan,Married,College,Self-Employed,6690,2,Yes,No,N/A,Detention of spouse (3+ months) or serving sentence,0,0,Not Eligible,N/A,,Claimed 'Detention of spouse (3+ months) or serving sentence' but duration is only 0 month(s); RA 11861 requires at least 3 month(s) for this category.,,,,,,,,,
Luzviminda Ramos,23,12/14/2003,F,San Pablo Sur,Annulled,Elementary,Unemployed,285,3,Yes,No,N/A,"Declaration of nullity, annulment, or divorce",0,0,Eligible,High,"Cash Assistance, Educational Support, Livelihood Support",,,,,,,,,,
Maria Flores,47,9/4/1979,F,Patimbao,Married,Vocational,Part-Time,2037,0,No,No,N/A,Abandonment by spouse,3,0,Not Eligible,N/A,,Claimed 'Abandonment by spouse' but duration is only 3 month(s); RA 11861 requires at least 6 month(s) for this category.,,,,,,,,,
Teresa Mendoza,36,06/26/1990,F,Bagumbayan,Separated,Postgraduate,Self-Employed,28958,5,No,No,N/A,Legal or de facto separation,35,0,Eligible,High,Educational Support,,,,,,,,,,
Julius Pascual,23,10/20/2003,M,Bubukal,Married,Postgraduate,Unemployed,227,2,Yes,No,N/A,Spouse/family member/guardian of an OFW,14,0,Eligible,High,"Cash Assistance, Educational Support, Livelihood Support",,,,,,,,,,
Rosalinda Castillo,19,02/22/2007,F,San Juan,Married,Vocational,Unemployed,836,4,No,No,N/A,Abandonment by spouse,24,0,Eligible,High,"Cash Assistance, Educational Support, Livelihood Support",,,,,,,,,,
Noel Dela Cruz,67,12/17/1959,M,Bagumbayan,Married,High School,Part-Time,7323,0,No,Yes,Intellectual/Developmental,Physical or mental incapacity of spouse,0,0,Not Eligible,N/A,,No qualifying dependent child under the applicant's care; RA 11861 requires sole parental care and support of a child.,,,,,,,,,
Carmela Aquino,39,12/27/1987,F,Patimbao,Widow,Vocational,Employed,13598,0,No,No,N/A,Death of spouse,0,0,Not Eligible,N/A,,No qualifying dependent child under the applicant's care; RA 11861 requires sole parental care and support of a child.,,,,,,,,,
Josephine Castillo,42,6/7/1984,F,Duhat,Single,Postgraduate,Unemployed,796,0,No,No,N/A,Pregnant woman solely responsible for unborn child,0,0,Not Eligible,N/A,,Claimed pregnancy category but not marked pregnant.,,,,,,,,,
Corazon Villanueva,57,9/5/1969,F,Santisima Cruz,Married,Elementary,Part-Time,8614,3,No,No,N/A,Relative within 4th civil degree assuming care,8,0,Eligible,High,"Cash Assistance, Educational Support, Livelihood Support",,,,,,,,,,
Julius Gonzales,49,9/2/1977,M,San Pablo Norte,Married,High School,Part-Time,7768,5,Yes,No,N/A,Spouse/family member/guardian of an OFW,18,0,Eligible,High,"Cash Assistance, Educational Support, Livelihood Support",,,,,,,,,,
Roberto Salazar,46,01/26/1980,M,Alipit,Widow,College,Part-Time,4851,0,No,Yes,Physical,Death of spouse,0,0,Not Eligible,N/A,,No qualifying dependent child under the applicant's care; RA 11861 requires sole parental care and support of a child.,,,,,,,,,
Ronald Castillo,21,11/10/2005,M,San Juan,Widow,Elementary,Employed,10917,0,No,No,N/A,Death of spouse,0,0,Not Eligible,N/A,,No qualifying dependent child under the applicant's care; RA 11861 requires sole parental care and support of a child.,,,,,,,,,
Noel Torres,44,12/21/1982,M,Alipit,Widow,College,Employed,34093,3,Yes,No,N/A,Death of spouse,0,0,Eligible,High,Educational Support,,,,,,,,,,
Ramon Mendoza,57,09/15/1969,M,Santisima Cruz,Widow,Vocational,Self-Employed,18865,0,No,No,N/A,Death of spouse,0,0,Not Eligible,N/A,,No qualifying dependent child under the applicant's care; RA 11861 requires sole parental care and support of a child.,,,,,,,,,
Corazon Torres,54,3/7/1972,F,Patimbao,Married,College,Unemployed,2659,0,No,No,N/A,Birth of child due to rape,0,0,Not Eligible,N/A,,No qualifying dependent child under the applicant's care; RA 11861 requires sole parental care and support of a child.,,,,,,,,,
Analyn Villanueva,26,12/11/2000,F,Labuin,Widow,High School,Employed,16429,0,No,No,N/A,Relative within 4th civil degree assuming care,33,0,Not Eligible,N/A,,No qualifying dependent child under the applicant's care; RA 11861 requires sole parental care and support of a child.,,,,,,,,,
Noel Gonzales,26,03/19/2000,M,Bagumbayan,Annulled,High School,Unemployed,2025,2,Yes,No,N/A,"Declaration of nullity, annulment, or divorce",0,0,Eligible,High,"Cash Assistance, Educational Support, Livelihood Support",,,,,,,,,,
Marites Villanueva,57,05/22/1969,F,Bubukal,Married,Elementary,Employed,7410,3,Yes,No,N/A,Abandonment by spouse,1,0,Not Eligible,N/A,,Claimed 'Abandonment by spouse' but duration is only 1 month(s); RA 11861 requires at least 6 month(s) for this category.,,,,,,,,,
Maria Torres,25,02/23/2001,F,Labuin,Married,College,Unemployed,5233,1,Yes,No,N/A,Abandonment by spouse,1,0,Not Eligible,N/A,,Claimed 'Abandonment by spouse' but duration is only 1 month(s); RA 11861 requires at least 6 month(s) for this category.,,,,,,,,,
Ligaya Ocampo,65,10/4/1961,F,Santisima Cruz,Single,Vocational,Self-Employed,6863,0,No,No,N/A,Pregnant woman solely responsible for unborn child,0,0,Not Eligible,N/A,,Claimed pregnancy category but not marked pregnant.,,,,,,,,,
Edwin Bautista,53,03/24/1973,M,Duhat,Single,College,Self-Employed,3925,0,No,No,N/A,Relative within 4th civil degree assuming care,0,0,Not Eligible,N/A,,Claimed 'Relative within 4th civil degree assuming care' but duration is only 0 month(s); RA 11861 requires at least 6 month(s) for this category.,,,,,,,,,
Carmela Rivera,57,5/11/1969,F,San Pablo Sur,Single,High School,Unemployed,1204,0,No,Yes,Intellectual/Developmental,Unmarried parent who keeps and rears the child,0,0,Not Eligible,N/A,,No qualifying dependent child under the applicant's care; RA 11861 requires sole parental care and support of a child.,,,,,,,,,
Ronald Flores,48,01/20/1978,M,Alipit,Married,Vocational,Unemployed,1200,4,Yes,No,N/A,Abandonment by spouse,1,0,Not Eligible,N/A,,Claimed 'Abandonment by spouse' but duration is only 1 month(s); RA 11861 requires at least 6 month(s) for this category.,,,,,,,,,
Josephine Gonzales,39,11/26/1987,F,Bagumbayan,Annulled,College,Unemployed,2055,4,Yes,Yes,Intellectual/Developmental,"Declaration of nullity, annulment, or divorce",0,0,Eligible,High,"Cash Assistance, Educational Support, Health Support, Livelihood Support",,,,,,,,,,
Ronald Ramos,41,12/3/1985,M,Bagumbayan,Married,Vocational,Part-Time,10155,1,Yes,No,N/A,Detention of spouse (3+ months) or serving sentence,32,0,Eligible,High,"Cash Assistance, Educational Support, Livelihood Support",,,,,,,,,,
Teresa Fernandez,66,12/16/1960,F,Alipit,Single,Vocational,Unemployed,1047,2,No,No,N/A,"Legal guardian, adoptive, or foster parent",0,0,Eligible,High,"Cash Assistance, Educational Support, Livelihood Support",,,,,,,,,,
Ana Ramos,27,12/12/1999,F,Patimbao,Widow,College,Part-Time,9182,4,Yes,No,N/A,Death of spouse,0,0,Eligible,High,"Cash Assistance, Educational Support, Livelihood Support",,,,,,,,,,
Rosalinda Santos,36,04/21/1990,F,Bagumbayan,Single,Postgraduate,Self-Employed,12152,2,Yes,No,N/A,Unmarried parent who keeps and rears the child,0,0,Eligible,High,"Cash Assistance, Educational Support",,,,,,,,,,
Teresa Santos,50,11/27/1976,F,Labuin,Widow,Postgraduate,Part-Time,2894,0,No,No,N/A,Death of spouse,0,0,Not Eligible,N/A,,No qualifying dependent child under the applicant's care; RA 11861 requires sole parental care and support of a child.,,,,,,,,,
Ana Gonzales,34,09/16/1992,F,San Pablo Sur,Single,Elementary,Employed,13732,0,No,No,N/A,Pregnant woman solely responsible for unborn child,0,0,Not Eligible,N/A,,Claimed pregnancy category but not marked pregnant.,,,,,,,,,
Angelica Flores,32,1/11/1994,F,Labuin,Married,Vocational,Self-Employed,11342,5,Yes,No,N/A,Physical or mental incapacity of spouse,0,0,Eligible,High,"Cash Assistance, Educational Support",,,,,,,,,,
Noel Rivera,26,03/18/2000,M,Patimbao,Annulled,Vocational,Self-Employed,21585,0,No,No,N/A,"Declaration of nullity, annulment, or divorce",0,0,Not Eligible,N/A,,No qualifying dependent child under the applicant's care; RA 11861 requires sole parental care and support of a child.,,,,,,,,,
Carmela Reyes,22,07/24/2004,F,Bagumbayan,Married,Elementary,Part-Time,6681,0,No,No,N/A,"Legal guardian, adoptive, or foster parent",0,0,Not Eligible,N/A,,No qualifying dependent child under the applicant's care; RA 11861 requires sole parental care and support of a child.,,,,,,,,,
Teresa Cruz,41,8/9/1985,F,San Pablo Sur,Single,College,Self-Employed,14493,0,No,No,N/A,Pregnant woman solely responsible for unborn child,0,0,Not Eligible,N/A,,Claimed pregnancy category but not marked pregnant.,,,,,,,,,
Dominic Mendoza,33,02/17/1993,M,Bagumbayan,Single,Elementary,Self-Employed,11180,1,No,No,N/A,Unmarried parent who keeps and rears the child,0,0,Eligible,High,"Cash Assistance, Educational Support",,,,,,,,,,
Joy Flores,22,02/15/2004,F,San Pablo Sur,Separated,Elementary,Employed,9158,2,Yes,No,N/A,Legal or de facto separation,35,0,Eligible,High,"Cash Assistance, Educational Support",,,,,,,,,,
Maria Rivera,53,3/8/1973,F,San Pablo Sur,Single,Vocational,Employed,21070,0,No,No,N/A,Pregnant woman solely responsible for unborn child,0,0,Not Eligible,N/A,,Claimed pregnancy category but not marked pregnant.,,,,,,,,,
Rosalinda Villanueva,52,10/13/1974,F,San Pablo Norte,Single,Elementary,Employed,23183,0,No,No,N/A,Pregnant woman solely responsible for unborn child,0,0,Not Eligible,N/A,,Claimed pregnancy category but not marked pregnant.,,,,,,,,,
Ligaya Aquino,68,12/25/1958,F,Labuin,Single,High School,Employed,35718,0,No,No,N/A,Pregnant woman solely responsible for unborn child,0,1,Eligible,Low,Health Support,,,,,,,,,,
Danilo Gonzales,40,07/19/1986,M,San Pablo Norte,Widow,Vocational,Employed,20305,0,No,No,N/A,Death of spouse,0,0,Not Eligible,N/A,,No qualifying dependent child under the applicant's care; RA 11861 requires sole parental care and support of a child.,,,,,,,,,
Ligaya Del Rosario,44,05/20/1982,F,Calios,Single,Postgraduate,Employed,6006,4,Yes,Yes,Intellectual/Developmental,Relative within 4th civil degree assuming care,2,0,Not Eligible,N/A,,Claimed 'Relative within 4th civil degree assuming care' but duration is only 2 month(s); RA 11861 requires at least 6 month(s) for this category.,,,,,,,,,
Roberto Reyes,37,04/17/1989,M,Bubukal,Married,Vocational,Employed,84072,0,No,No,N/A,Detention of spouse (3+ months) or serving sentence,18,0,Not Eligible,N/A,,No qualifying dependent child under the applicant's care; RA 11861 requires sole parental care and support of a child.,,,,,,,,,
Teresa Ramos,32,8/12/1994,F,San Pablo Sur,Married,Vocational,Employed,33242,5,Yes,No,N/A,Detention of spouse (3+ months) or serving sentence,2,0,Not Eligible,N/A,,Claimed 'Detention of spouse (3+ months) or serving sentence' but duration is only 2 month(s); RA 11861 requires at least 3 month(s) for this category.,,,,,,,,,
Ana Bautista,45,6/9/1981,F,Labuin,Married,Elementary,Self-Employed,45647,0,No,No,N/A,Detention of spouse (3+ months) or serving sentence,12,0,Not Eligible,N/A,,No qualifying dependent child under the applicant's care; RA 11861 requires sole parental care and support of a child.,,,,,,,,,
Julius Ramos,39,1/10/1987,M,San Pablo Sur,Separated,Elementary,Self-Employed,8565,0,No,No,N/A,Legal or de facto separation,17,0,Not Eligible,N/A,,No qualifying dependent child under the applicant's care; RA 11861 requires sole parental care and support of a child.,,,,,,,,,
Reynaldo Cruz,39,01/23/1987,M,Santisima Cruz,Married,Elementary,Employed,13882,5,Yes,No,N/A,Abandonment by spouse,26,0,Eligible,High,"Cash Assistance, Educational Support",,,,,,,,,,
Marilou Castillo,21,10/21/2005,F,Santisima Cruz,Married,Elementary,Employed,19679,0,No,No,N/A,Abandonment by spouse,35,0,Not Eligible,N/A,,No qualifying dependent child under the applicant's care; RA 11861 requires sole parental care and support of a child.,,,,,,,,,
Ana Reyes,65,6/11/1961,F,Calios,Single,Elementary,Unemployed,224,0,No,No,N/A,Pregnant woman solely responsible for unborn child,0,0,Not Eligible,N/A,,Claimed pregnancy category but not marked pregnant.,,,,,,,,,
Ligaya Castillo,58,12/18/1968,F,Patimbao,Separated,High School,Employed,11934,5,Yes,No,N/A,Legal or de facto separation,5,0,Not Eligible,N/A,,Claimed 'Legal or de facto separation' but duration is only 5 month(s); RA 11861 requires at least 6 month(s) for this category.,,,,,,,,,
Ferdinand Garcia,33,10/9/1993,M,Patimbao,Separated,Postgraduate,Employed,14204,2,Yes,Yes,Physical,Legal or de facto separation,14,0,Eligible,High,"Cash Assistance, Educational Support, Health Support",,,,,,,,,,
Luzviminda Reyes,36,10/13/1990,F,Duhat,Married,Elementary,Employed,19581,0,No,No,N/A,Birth of child due to rape,0,0,Not Eligible,N/A,,No qualifying dependent child under the applicant's care; RA 11861 requires sole parental care and support of a child.,,,,,,,,,
Luzviminda Aquino,21,02/15/2005,F,Patimbao,Single,Postgraduate,Part-Time,5315,4,No,No,N/A,Birth of child due to rape,0,0,Eligible,High,"Cash Assistance, Educational Support, Livelihood Support",,,,,,,,,,
Cristina Santos,39,8/1/1987,F,San Pablo Norte,Single,Elementary,Part-Time,8060,0,No,No,N/A,Pregnant woman solely responsible for unborn child,0,1,Eligible,High,"Cash Assistance, Livelihood Support",,,,,,,,,,
Carmela Bautista,36,9/9/1990,F,San Juan,Married,Postgraduate,Part-Time,6514,0,No,No,N/A,"Legal guardian, adoptive, or foster parent",0,0,Not Eligible,N/A,,No qualifying dependent child under the applicant's care; RA 11861 requires sole parental care and support of a child.,,,,,,,,,
Angelica Garcia,22,01/25/2004,F,Duhat,Single,Elementary,Employed,28655,0,No,No,N/A,"Legal guardian, adoptive, or foster parent",0,0,Not Eligible,N/A,,No qualifying dependent child under the applicant's care; RA 11861 requires sole parental care and support of a child.,,,,,,,,,
Corazon Rivera,39,04/16/1987,F,Bagumbayan,Widow,Vocational,Part-Time,7875,0,No,No,N/A,"Legal guardian, adoptive, or foster parent",0,0,Not Eligible,N/A,,No qualifying dependent child under the applicant's care; RA 11861 requires sole parental care and support of a child.,,,,,,,,,
Noel Cruz,44,2/3/1982,M,Bagumbayan,Widow,College,Self-Employed,11041,2,No,No,N/A,Death of spouse,0,0,Eligible,High,"Cash Assistance, Educational Support",,,,,,,,,,
Analyn Aquino,65,04/15/1961,F,Bagumbayan,Married,Vocational,Employed,5000,0,No,No,N/A,Spouse/family member/guardian of an OFW,32,0,Not Eligible,N/A,,No qualifying dependent child under the applicant's care; RA 11861 requires sole parental care and support of a child.,,,,,,,,,
Angelica Castillo,31,7/4/1995,F,Alipit,Single,High School,Employed,16599,0,No,No,N/A,Pregnant woman solely responsible for unborn child,0,0,Not Eligible,N/A,,Claimed pregnancy category but not marked pregnant.,,,,,,,,,
Ramon Fernandez,41,05/25/1985,M,Bubukal,Annulled,College,Unemployed,1338,0,No,No,N/A,"Declaration of nullity, annulment, or divorce",0,0,Not Eligible,N/A,,No qualifying dependent child under the applicant's care; RA 11861 requires sole parental care and support of a child.,,,,,,,,,
Ferdinand Fernandez,48,6/1/1978,M,Santisima Cruz,Widow,Elementary,Part-Time,8332,0,No,No,N/A,Death of spouse,0,0,Not Eligible,N/A,,No qualifying dependent child under the applicant's care; RA 11861 requires sole parental care and support of a child.,,,,,,,,,
Mark Gonzales,47,07/25/1979,M,San Pablo Norte,Single,Elementary,Employed,28175,0,No,No,N/A,Birth of child due to rape,0,0,Not Eligible,N/A,,No qualifying dependent child under the applicant's care; RA 11861 requires sole parental care and support of a child.,,,,,,,,,
Reynaldo Del Rosario,51,10/11/1975,M,Calios,Married,Elementary,Unemployed,3257,0,No,No,N/A,"Legal guardian, adoptive, or foster parent",0,0,Not Eligible,N/A,,No qualifying dependent child under the applicant's care; RA 11861 requires sole parental care and support of a child.,,,,,,,,,
Analyn Aquino,28,06/26/1998,F,Bubukal,Single,College,Employed,13736,0,No,No,N/A,Pregnant woman solely responsible for unborn child,0,1,Eligible,High,Cash Assistance,,,,,,,,,,
Edwin Gonzales,34,09/26/1992,M,Labuin,Married,College,Self-Employed,28378,2,No,No,N/A,Birth of child due to rape,0,0,Eligible,Medium,Educational Support,,,,,,,,,,
Maria Flores,35,4/11/1991,F,Duhat,Married,High School,Unemployed,1419,5,Yes,No,N/A,Birth of child due to rape,0,0,Eligible,High,"Cash Assistance, Educational Support, Livelihood Support",,,,,,,,,,
Ligaya Ramos,47,8/5/1979,F,Alipit,Married,Vocational,Employed,6930,2,No,No,N/A,Spouse/family member/guardian of an OFW,28,0,Eligible,High,"Cash Assistance, Educational Support",,,,,,,,,,
Angelica Cruz,55,1/8/1971,F,Duhat,Single,High School,Part-Time,10583,0,No,No,N/A,Relative within 4th civil degree assuming care,6,0,Not Eligible,N/A,,No qualifying dependent child under the applicant's care; RA 11861 requires sole parental care and support of a child.,,,,,,,,,
Joy Reyes,28,09/15/1998,F,Calios,Married,Postgraduate,Part-Time,11608,0,No,No,N/A,Physical or mental incapacity of spouse,0,0,Not Eligible,N/A,,No qualifying dependent child under the applicant's care; RA 11861 requires sole parental care and support of a child.,,,,,,,,,
Corazon Villanueva,53,05/25/1973,F,Santisima Cruz,Married,Vocational,Part-Time,9682,2,Yes,No,N/A,Spouse/family member/guardian of an OFW,18,0,Eligible,High,"Cash Assistance, Educational Support, Livelihood Support",,,,,,,,,,
Teresa Flores,39,12/21/1987,F,Bagumbayan,Widow,Postgraduate,Unemployed,687,3,No,No,N/A,Relative within 4th civil degree assuming care,34,0,Eligible,High,"Cash Assistance, Educational Support, Livelihood Support",,,,,,,,,,
Mark Castillo,62,6/2/1964,M,San Pablo Sur,Single,College,Part-Time,6398,5,Yes,No,N/A,"Legal guardian, adoptive, or foster parent",0,0,Eligible,High,"Cash Assistance, Educational Support, Livelihood Support",,,,,,,,,,
Luzviminda Flores,58,11/8/1968,F,San Pablo Norte,Widow,High School,Part-Time,11856,3,Yes,Yes,Intellectual/Developmental,"Legal guardian, adoptive, or foster parent",0,0,Eligible,High,"Cash Assistance, Educational Support, Health Support, Livelihood Support",,,,,,,,,,
Corazon Pascual,58,02/25/1968,F,San Juan,Single,Elementary,Part-Time,1047,0,No,No,N/A,Unmarried parent who keeps and rears the child,0,0,Not Eligible,N/A,,No qualifying dependent child under the applicant's care; RA 11861 requires sole parental care and support of a child.,,,,,,,,,
Ramon Bautista,57,04/19/1969,M,San Pablo Sur,Separated,Postgraduate,Self-Employed,20904,4,No,No,N/A,Legal or de facto separation,8,0,Eligible,High,Educational Support,,,,,,,,,,
Teresa Dela Cruz,64,3/11/1962,F,San Pablo Norte,Widow,Postgraduate,Self-Employed,20501,2,Yes,No,N/A,Relative within 4th civil degree assuming care,30,0,Eligible,Medium,Educational Support,,,,,,,,,,
Jose Salazar,21,3/1/2005,M,Santisima Cruz,Widow,High School,Employed,28624,0,No,No,N/A,Death of spouse,0,0,Not Eligible,N/A,,No qualifying dependent child under the applicant's care; RA 11861 requires sole parental care and support of a child.,,,,,,,,,
Ramon Garcia,36,07/21/1990,M,San Pablo Sur,Married,College,Employed,19292,4,No,No,N/A,Abandonment by spouse,1,0,Not Eligible,N/A,,Claimed 'Abandonment by spouse' but duration is only 1 month(s); RA 11861 requires at least 6 month(s) for this category.,,,,,,,,,
Ferdinand Cruz,48,10/18/1978,M,Bubukal,Annulled,Vocational,Employed,16299,5,No,No,N/A,"Declaration of nullity, annulment, or divorce",0,0,Eligible,High,Educational Support,,,,,,,,,,
Josephine Cruz,21,10/18/2005,F,Santisima Cruz,Married,Postgraduate,Self-Employed,28287,0,No,No,N/A,Spouse/family member/guardian of an OFW,9,0,Not Eligible,N/A,,Claimed 'Spouse/family member/guardian of an OFW' but duration is only 9 month(s); RA 11861 requires at least 12 month(s) for this category.,,,,,,,,,
Teresa Salazar,30,1/9/1996,F,Bubukal,Married,Postgraduate,Employed,30533,2,Yes,No,N/A,Detention of spouse (3+ months) or serving sentence,1,0,Not Eligible,N/A,,Claimed 'Detention of spouse (3+ months) or serving sentence' but duration is only 1 month(s); RA 11861 requires at least 3 month(s) for this category.,,,,,,,,,
Analyn Garcia,46,09/14/1980,F,San Pablo Norte,Single,Elementary,Employed,14677,0,No,No,N/A,Unmarried parent who keeps and rears the child,0,0,Not Eligible,N/A,,No qualifying dependent child under the applicant's care; RA 11861 requires sole parental care and support of a child.,,,,,,,,,
Edwin Rivera,36,7/12/1990,M,Alipit,Married,Postgraduate,Employed,26992,0,No,No,N/A,"Legal guardian, adoptive, or foster parent",0,0,Not Eligible,N/A,,No qualifying dependent child under the applicant's care; RA 11861 requires sole parental care and support of a child.,,,,,,,,,
Rosalinda Gonzales,49,11/8/1977,F,Calios,Single,Elementary,Unemployed,259,0,No,No,N/A,Unmarried parent who keeps and rears the child,0,0,Not Eligible,N/A,,No qualifying dependent child under the applicant's care; RA 11861 requires sole parental care and support of a child.,,,,,,,,,
Carmela Gonzales,47,06/19/1979,F,Bagumbayan,Single,Elementary,Self-Employed,15375,0,No,No,N/A,Pregnant woman solely responsible for unborn child,0,1,Eligible,High,Cash Assistance,,,,,,,,,,
Noel Villanueva,48,07/25/1978,M,San Juan,Married,College,Part-Time,8776,5,Yes,No,N/A,Abandonment by spouse,1,0,Not Eligible,N/A,,Claimed 'Abandonment by spouse' but duration is only 1 month(s); RA 11861 requires at least 6 month(s) for this category.,,,,,,,,,
Arnel Flores,67,10/13/1959,M,Santisima Cruz,Married,Postgraduate,Part-Time,8283,4,Yes,No,N/A,Spouse/family member/guardian of an OFW,2,0,Not Eligible,N/A,,Claimed 'Spouse/family member/guardian of an OFW' but duration is only 2 month(s); RA 11861 requires at least 12 month(s) for this category.,,,,,,,,,
Cristina Rivera,64,10/22/1962,F,San Juan,Single,Vocational,Unemployed,1131,0,No,No,N/A,Pregnant woman solely responsible for unborn child,0,1,Eligible,High,"Cash Assistance, Livelihood Support",,,,,,,,,,
Danilo Mendoza,42,08/25/1984,M,Alipit,Married,Postgraduate,Self-Employed,19617,5,Yes,No,N/A,Abandonment by spouse,17,0,Eligible,High,Educational Support,,,,,,,,,,
Noel Aquino,59,02/25/1967,M,San Juan,Married,College,Self-Employed,10290,1,No,No,N/A,Abandonment by spouse,10,0,Eligible,High,"Cash Assistance, Educational Support",,,,,,,,,,
Angelica Pascual,51,12/9/1975,F,San Juan,Single,College,Employed,14332,0,No,No,N/A,Pregnant woman solely responsible for unborn child,0,0,Not Eligible,N/A,,Claimed pregnancy category but not marked pregnant.,,,,,,,,,
Noel Pascual,59,5/2/1967,M,San Pablo Norte,Married,High School,Self-Employed,16558,0,No,No,N/A,Detention of spouse (3+ months) or serving sentence,18,0,Not Eligible,N/A,,No qualifying dependent child under the applicant's care; RA 11861 requires sole parental care and support of a child.,,,,,,,,,
Corazon Cruz,63,07/26/1963,F,Duhat,Married,Postgraduate,Unemployed,1641,0,No,No,N/A,Spouse/family member/guardian of an OFW,42,0,Not Eligible,N/A,,No qualifying dependent child under the applicant's care; RA 11861 requires sole parental care and support of a child.,,,,,,,,,
Ramon Torres,45,8/10/1981,M,Patimbao,Single,Postgraduate,Part-Time,4441,5,Yes,No,N/A,Unmarried parent who keeps and rears the child,0,0,Eligible,High,"Cash Assistance, Educational Support, Livelihood Support",,,,,,,,,,
Roberto Del Rosario,39,9/2/1987,M,San Pablo Norte,Single,Vocational,Part-Time,6180,3,Yes,No,N/A,Relative within 4th civil degree assuming care,25,0,Eligible,High,"Cash Assistance, Educational Support, Livelihood Support",,,,,,,,,,
Carmela Santos,60,01/19/1966,F,Calios,Married,Elementary,Self-Employed,15451,5,Yes,No,N/A,Detention of spouse (3+ months) or serving sentence,21,0,Eligible,High,"Cash Assistance, Educational Support",,,,,,,,,,
Ferdinand Del Rosario,41,7/4/1985,M,San Pablo Norte,Married,College,Employed,28058,0,No,No,N/A,Physical or mental incapacity of spouse,0,0,Not Eligible,N/A,,No qualifying dependent child under the applicant's care; RA 11861 requires sole parental care and support of a child.,,,,,,,,,
Corazon Ocampo,47,11/26/1979,F,Santisima Cruz,Single,High School,Employed,37282,0,No,No,N/A,Pregnant woman solely responsible for unborn child,0,1,Eligible,Low,Health Support,,,,,,,,,,
Julius Rivera,51,9/2/1975,M,Bubukal,Widow,Elementary,Unemployed,132,2,Yes,No,N/A,"Legal guardian, adoptive, or foster parent",0,0,Eligible,High,"Cash Assistance, Educational Support, Livelihood Support",,,,,,,,,,
Ramon Dela Cruz,64,09/28/1962,M,San Juan,Single,Elementary,Unemployed,1671,0,No,No,N/A,"Legal guardian, adoptive, or foster parent",0,0,Not Eligible,N/A,,No qualifying dependent child under the applicant's care; RA 11861 requires sole parental care and support of a child.,,,,,,,,,
Corazon Pascual,26,07/16/2000,F,Bubukal,Married,College,Self-Employed,9953,0,No,Yes,Intellectual/Developmental,Birth of child due to rape,0,0,Not Eligible,N/A,,No qualifying dependent child under the applicant's care; RA 11861 requires sole parental care and support of a child.,,,,,,,,,
Christian Rivera,37,10/2/1989,M,Labuin,Married,Elementary,Part-Time,8439,0,No,No,N/A,Spouse/family member/guardian of an OFW,16,0,Not Eligible,N/A,,No qualifying dependent child under the applicant's care; RA 11861 requires sole parental care and support of a child.,,,,,,,,,
Corazon Rivera,46,11/6/1980,F,San Pablo Norte,Married,High School,Employed,11995,4,Yes,No,N/A,Spouse/family member/guardian of an OFW,24,0,Eligible,High,"Cash Assistance, Educational Support",,,,,,,,,,
Roberto Ocampo,28,10/8/1998,M,Santisima Cruz,Married,Vocational,Part-Time,11918,3,Yes,No,N/A,"Legal guardian, adoptive, or foster parent",0,0,Eligible,High,"Cash Assistance, Educational Support, Livelihood Support",,,,,,,,,,
Ligaya Castillo,37,12/24/1989,F,Patimbao,Separated,Postgraduate,Employed,34032,1,No,No,N/A,Legal or de facto separation,4,0,Not Eligible,N/A,,Claimed 'Legal or de facto separation' but duration is only 4 month(s); RA 11861 requires at least 6 month(s) for this category.,,,,,,,,,
Dominic Del Rosario,30,08/16/1996,M,San Pablo Sur,Married,Elementary,Self-Employed,8618,3,No,No,N/A,Detention of spouse (3+ months) or serving sentence,16,0,Eligible,High,"Cash Assistance, Educational Support",,,,,,,,,,
Analyn Garcia,36,10/16/1990,F,Alipit,Married,College,Part-Time,10756,3,Yes,No,N/A,Spouse/family member/guardian of an OFW,3,0,Not Eligible,N/A,,Claimed 'Spouse/family member/guardian of an OFW' but duration is only 3 month(s); RA 11861 requires at least 12 month(s) for this category.,,,,,,,,,
Analyn Castillo,27,04/27/1999,F,Labuin,Married,Vocational,Part-Time,1000,5,Yes,No,N/A,Physical or mental incapacity of spouse,0,0,Eligible,High,"Cash Assistance, Educational Support, Livelihood Support",,,,,,,,,,
Grace Dela Cruz,54,10/25/1972,F,San Pablo Norte,Widow,College,Part-Time,10630,0,No,No,N/A,Death of spouse,0,0,Not Eligible,N/A,,No qualifying dependent child under the applicant's care; RA 11861 requires sole parental care and support of a child.,,,,,,,,,
Angelica Castillo,41,09/27/1985,F,Duhat,Annulled,Elementary,Employed,24059,3,Yes,No,N/A,"Declaration of nullity, annulment, or divorce",0,0,Eligible,High,Educational Support,,,,,,,,,,
Luzviminda Salazar,41,2/5/1985,F,Duhat,Married,High School,Employed,12133,5,Yes,No,N/A,Spouse/family member/guardian of an OFW,22,0,Eligible,High,"Cash Assistance, Educational Support",,,,,,,,,,
Ferdinand Dela Cruz,51,06/20/1975,M,Alipit,Married,High School,Unemployed,733,4,Yes,Yes,Intellectual/Developmental,Abandonment by spouse,31,0,Eligible,High,"Cash Assistance, Educational Support, Health Support, Livelihood Support",,,,,,,,,,
Joy Dela Cruz,33,09/20/1993,F,Bagumbayan,Single,High School,Part-Time,7479,0,No,No,N/A,Pregnant woman solely responsible for unborn child,0,1,Eligible,High,"Cash Assistance, Livelihood Support",,,,,,,,,,
Danilo Ocampo,63,12/16/1963,M,San Pablo Norte,Separated,College,Unemployed,1498,0,No,No,N/A,Legal or de facto separation,13,0,Not Eligible,N/A,,No qualifying dependent child under the applicant's care; RA 11861 requires sole parental care and support of a child.,,,,,,,,,
Ligaya Santos,56,9/9/1970,F,Patimbao,Married,College,Employed,15491,5,Yes,No,N/A,Physical or mental incapacity of spouse,0,0,Eligible,High,"Cash Assistance, Educational Support",,,,,,,,,,
Dominic Cruz,20,1/12/2006,M,San Pablo Norte,Annulled,Elementary,Self-Employed,9285,1,Yes,Yes,Sensory (Visual/Hearing),"Declaration of nullity, annulment, or divorce",0,0,Eligible,High,"Cash Assistance, Educational Support, Health Support",,,,,,,,,,
Ferdinand Cruz,64,7/5/1962,M,Alipit,Separated,Postgraduate,Part-Time,10238,4,Yes,Yes,Intellectual/Developmental,Legal or de facto separation,36,0,Eligible,High,"Cash Assistance, Educational Support, Health Support, Livelihood Support",,,,,,,,,,
Analyn Dela Cruz,34,09/17/1992,F,Calios,Single,Vocational,Part-Time,9772,4,No,No,N/A,Unmarried parent who keeps and rears the child,0,0,Eligible,High,"Cash Assistance, Educational Support, Livelihood Support",,,,,,,,,,
Edwin Torres,25,6/6/2001,M,Bagumbayan,Widow,High School,Employed,8183,0,No,No,N/A,"Legal guardian, adoptive, or foster parent",0,0,Not Eligible,N/A,,No qualifying dependent child under the applicant's care; RA 11861 requires sole parental care and support of a child.,,,,,,,,,
Cristina Santos,53,5/7/1973,F,Duhat,Separated,College,Part-Time,14616,5,Yes,No,N/A,Legal or de facto separation,24,0,Eligible,High,"Cash Assistance, Educational Support, Livelihood Support",,,,,,,,,,
Ferdinand Dela Cruz,49,09/13/1977,M,Bubukal,Widow,Postgraduate,Self-Employed,7054,5,Yes,No,N/A,"Legal guardian, adoptive, or foster parent",0,0,Eligible,High,"Cash Assistance, Educational Support",,,,,,,,,,
Cristina Bautista,23,10/20/2003,F,San Juan,Single,Elementary,Employed,21434,3,No,Yes,Physical,Unmarried parent who keeps and rears the child,0,0,Eligible,High,"Educational Support, Health Support",,,,,,,,,,
Jose Aquino,36,5/1/1990,M,Santisima Cruz,Married,College,Unemployed,1008,2,No,Yes,Sensory (Visual/Hearing),Abandonment by spouse,22,0,Eligible,High,"Cash Assistance, Educational Support, Health Support, Livelihood Support",,,,,,,,,,
Christian Fernandez,36,09/15/1990,M,San Pablo Sur,Annulled,High School,Self-Employed,27862,1,Yes,No,N/A,"Declaration of nullity, annulment, or divorce",0,0,Eligible,Medium,Educational Support,,,,,,,,,,
Luzviminda Gonzales,31,03/24/1995,F,Patimbao,Married,High School,Unemployed,238,2,Yes,Yes,Physical,Detention of spouse (3+ months) or serving sentence,30,0,Eligible,High,"Cash Assistance, Educational Support, Health Support, Livelihood Support",,,,,,,,,,
Rosalinda Salazar,51,07/20/1975,F,Calios,Married,Elementary,Self-Employed,23924,0,No,No,N/A,Physical or mental incapacity of spouse,0,0,Not Eligible,N/A,,No qualifying dependent child under the applicant's care; RA 11861 requires sole parental care and support of a child.,,,,,,,,,
Cristina Villanueva,21,06/26/2005,F,Alipit,Married,High School,Self-Employed,10864,1,Yes,No,N/A,Spouse/family member/guardian of an OFW,3,0,Not Eligible,N/A,,Claimed 'Spouse/family member/guardian of an OFW' but duration is only 3 month(s); RA 11861 requires at least 12 month(s) for this category.,,,,,,,,,
Luzviminda Garcia,65,12/15/1961,F,Labuin,Married,Vocational,Part-Time,5872,3,Yes,No,N/A,Abandonment by spouse,2,0,Not Eligible,N/A,,Claimed 'Abandonment by spouse' but duration is only 2 month(s); RA 11861 requires at least 6 month(s) for this category.,,,,,,,,,
Ramon Fernandez,40,5/9/1986,M,Labuin,Married,Postgraduate,Part-Time,10862,3,Yes,No,N/A,Abandonment by spouse,5,0,Not Eligible,N/A,,Claimed 'Abandonment by spouse' but duration is only 5 month(s); RA 11861 requires at least 6 month(s) for this category.,,,,,,,,,
Ligaya Gonzales,63,12/9/1963,F,Duhat,Married,Elementary,Part-Time,9672,3,Yes,No,N/A,Birth of child due to rape,0,0,Eligible,High,"Cash Assistance, Educational Support, Livelihood Support",,,,,,,,,,
Ana Del Rosario,45,10/23/1981,F,San Pablo Norte,Widow,College,Part-Time,5826,1,Yes,No,N/A,Death of spouse,0,0,Eligible,High,"Cash Assistance, Educational Support, Livelihood Support",,,,,,,,,,
Ronald Aquino,38,01/18/1988,M,Duhat,Widow,Elementary,Unemployed,2768,4,No,No,N/A,Relative within 4th civil degree assuming care,34,0,Eligible,High,"Cash Assistance, Educational Support, Livelihood Support",,,,,,,,,,
Julius Del Rosario,39,08/15/1987,M,Duhat,Married,Elementary,Self-Employed,10164,4,Yes,No,N/A,Spouse/family member/guardian of an OFW,29,0,Eligible,High,"Cash Assistance, Educational Support",,,,,,,,,,
Danilo Ocampo,28,9/7/1998,M,Bubukal,Separated,Vocational,Unemployed,2212,1,Yes,No,N/A,Legal or de facto separation,20,0,Eligible,High,"Cash Assistance, Educational Support, Livelihood Support",,,,,,,,,,
Maria Ocampo,62,03/21/1964,F,Bagumbayan,Single,College,Unemployed,2064,4,Yes,No,N/A,Unmarried parent who keeps and rears the child,0,0,Eligible,High,"Cash Assistance, Educational Support, Livelihood Support",,,,,,,,,,
Mark Castillo,20,04/22/2006,M,San Pablo Sur,Separated,College,Unemployed,4479,4,Yes,No,N/A,Legal or de facto separation,28,0,Eligible,High,"Cash Assistance, Educational Support, Livelihood Support",,,,,,,,,,
Ferdinand Villanueva,61,04/23/1965,M,Duhat,Separated,Elementary,Employed,37527,5,Yes,No,N/A,Legal or de facto separation,29,0,Eligible,High,Educational Support,,,,,,,,,,
Ana Santos,20,08/26/2006,F,Santisima Cruz,Married,Postgraduate,Self-Employed,9348,0,No,No,N/A,Detention of spouse (3+ months) or serving sentence,4,0,Not Eligible,N/A,,No qualifying dependent child under the applicant's care; RA 11861 requires sole parental care and support of a child.,,,,,,,,,
Ronald Villanueva,29,02/13/1997,M,Alipit,Widow,Postgraduate,Part-Time,8552,0,No,Yes,Intellectual/Developmental,Death of spouse,0,0,Not Eligible,N/A,,No qualifying dependent child under the applicant's care; RA 11861 requires sole parental care and support of a child.,,,,,,,,,
Angelica Bautista,20,4/5/2006,F,Duhat,Married,Postgraduate,Part-Time,10265,0,No,Yes,Sensory (Visual/Hearing),Spouse/family member/guardian of an OFW,28,0,Not Eligible,N/A,,No qualifying dependent child under the applicant's care; RA 11861 requires sole parental care and support of a child.,,,,,,,,,
Cristina Ocampo,64,05/17/1962,F,Duhat,Widow,High School,Employed,14525,2,No,No,N/A,Death of spouse,0,0,Eligible,High,"Cash Assistance, Educational Support",,,,,,,,,,
Jose Santos,29,04/16/1997,M,San Juan,Widow,Postgraduate,Employed,13975,0,No,No,N/A,Death of spouse,0,0,Not Eligible,N/A,,No qualifying dependent child under the applicant's care; RA 11861 requires sole parental care and support of a child.,,,,,,,,,
Reynaldo Mendoza,46,11/9/1980,M,Bubukal,Widow,Postgraduate,Unemployed,660,1,Yes,No,N/A,Relative within 4th civil degree assuming care,16,0,Eligible,High,"Cash Assistance, Educational Support, Livelihood Support",,,,,,,,,,
Ana Garcia,55,7/5/1971,F,Santisima Cruz,Widow,College,Part-Time,9509,2,No,No,N/A,"Legal guardian, adoptive, or foster parent",0,0,Eligible,High,"Cash Assistance, Educational Support, Livelihood Support",,,,,,,,,,
Joy Pascual,58,08/28/1968,F,Labuin,Annulled,Postgraduate,Part-Time,9889,3,Yes,No,N/A,"Declaration of nullity, annulment, or divorce",0,0,Eligible,High,"Cash Assistance, Educational Support, Livelihood Support",,,,,,,,,,
Rosalinda Mendoza,68,8/10/1958,F,Bagumbayan,Single,Elementary,Part-Time,10087,3,Yes,No,N/A,Birth of child due to rape,0,0,Eligible,High,"Cash Assistance, Educational Support, Livelihood Support",,,,,,,,,,
Marilou Santos,62,06/20/1964,F,Bubukal,Married,High School,Employed,20070,3,Yes,No,N/A,Detention of spouse (3+ months) or serving sentence,4,0,Eligible,High,Educational Support,,,,,,,,,,
Angelica Rivera,61,01/14/1965,F,San Pablo Norte,Separated,Vocational,Unemployed,6057,0,No,No,N/A,Legal or de facto separation,23,0,Not Eligible,N/A,,No qualifying dependent child under the applicant's care; RA 11861 requires sole parental care and support of a child.,,,,,,,,,
Teresa Fernandez,49,06/14/1977,F,Labuin,Separated,High School,Self-Employed,16839,0,No,No,N/A,Legal or de facto separation,32,0,Not Eligible,N/A,,No qualifying dependent child under the applicant's care; RA 11861 requires sole parental care and support of a child.,,,,,,,,,
Mark Mendoza,49,08/22/1977,M,Santisima Cruz,Married,Elementary,Self-Employed,17569,0,No,No,N/A,Physical or mental incapacity of spouse,0,0,Not Eligible,N/A,,No qualifying dependent child under the applicant's care; RA 11861 requires sole parental care and support of a child.,,,,,,,,,
Roberto Pascual,51,07/15/1975,M,San Pablo Sur,Married,High School,Self-Employed,6661,1,No,No,N/A,Detention of spouse (3+ months) or serving sentence,2,0,Not Eligible,N/A,,Claimed 'Detention of spouse (3+ months) or serving sentence' but duration is only 2 month(s); RA 11861 requires at least 3 month(s) for this category.,,,,,,,,,
Dominic Torres,23,10/21/2003,M,San Juan,Single,High School,Unemployed,381,0,No,Yes,Mental/Psychosocial,Birth of child due to rape,0,0,Not Eligible,N/A,,No qualifying dependent child under the applicant's care; RA 11861 requires sole parental care and support of a child.,,,,,,,,,
Analyn Del Rosario,50,12/19/1976,F,San Juan,Widow,High School,Unemployed,3016,2,No,No,N/A,Relative within 4th civil degree assuming care,10,0,Eligible,High,"Cash Assistance, Educational Support, Livelihood Support",,,,,,,,,,
Julius Mendoza,21,02/16/2005,M,Bagumbayan,Married,College,Employed,27375,4,Yes,Yes,Intellectual/Developmental,Spouse/family member/guardian of an OFW,28,0,Eligible,High,"Educational Support, Health Support",,,,,,,,,,
Joy Dela Cruz,30,4/4/1996,F,Duhat,Married,College,Self-Employed,5171,1,No,No,N/A,Spouse/family member/guardian of an OFW,2,0,Not Eligible,N/A,,Claimed 'Spouse/family member/guardian of an OFW' but duration is only 2 month(s); RA 11861 requires at least 12 month(s) for this category.,,,,,,,,,
Marites Ocampo,41,6/7/1985,F,San Pablo Sur,Single,Elementary,Employed,9507,0,No,No,N/A,Unmarried parent who keeps and rears the child,0,0,Not Eligible,N/A,,No qualifying dependent child under the applicant's care; RA 11861 requires sole parental care and support of a child.,,,,,,,,,
Danilo Bautista,55,3/8/1971,M,Labuin,Married,Postgraduate,Part-Time,9524,1,Yes,No,N/A,Physical or mental incapacity of spouse,0,0,Eligible,High,"Cash Assistance, Educational Support, Livelihood Support",,,,,,,,,,
Reynaldo Castillo,35,10/16/1991,M,San Pablo Sur,Married,Postgraduate,Employed,12854,3,No,No,N/A,Detention of spouse (3+ months) or serving sentence,31,0,Eligible,High,"Cash Assistance, Educational Support",,,,,,,,,,
Ronald Rivera,45,11/7/1981,M,San Pablo Sur,Separated,Vocational,Self-Employed,11307,2,Yes,No,N/A,Legal or de facto separation,0,0,Not Eligible,N/A,,Claimed 'Legal or de facto separation' but duration is only 0 month(s); RA 11861 requires at least 6 month(s) for this category.,,,,,,,,,
Cristina Bautista,51,12/4/1975,F,San Juan,Single,High School,Employed,30209,0,No,No,N/A,Unmarried parent who keeps and rears the child,0,0,Not Eligible,N/A,,No qualifying dependent child under the applicant's care; RA 11861 requires sole parental care and support of a child.,,,,,,,,,
Grace Reyes,40,12/24/1986,F,Santisima Cruz,Married,Vocational,Self-Employed,21523,0,No,No,N/A,Relative within 4th civil degree assuming care,10,0,Not Eligible,N/A,,No qualifying dependent child under the applicant's care; RA 11861 requires sole parental care and support of a child.,,,,,,,,,
Carmela Ramos,55,2/10/1971,F,Santisima Cruz,Married,College,Employed,18004,4,Yes,No,N/A,Spouse/family member/guardian of an OFW,11,0,Not Eligible,N/A,,Claimed 'Spouse/family member/guardian of an OFW' but duration is only 11 month(s); RA 11861 requires at least 12 month(s) for this category.,,,,,,,,,
Marilou Dela Cruz,66,07/23/1960,F,Santisima Cruz,Single,Vocational,Self-Employed,42314,0,No,No,N/A,"Legal guardian, adoptive, or foster parent",0,0,Not Eligible,N/A,,No qualifying dependent child under the applicant's care; RA 11861 requires sole parental care and support of a child.,,,,,,,,,
Mark Ocampo,47,09/16/1979,M,Patimbao,Married,College,Self-Employed,6567,0,No,No,N/A,Physical or mental incapacity of spouse,0,0,Not Eligible,N/A,,No qualifying dependent child under the applicant's care; RA 11861 requires sole parental care and support of a child.,,,,,,,,,
Luzviminda Ocampo,27,12/12/1999,F,Santisima Cruz,Married,Postgraduate,Self-Employed,24623,5,No,No,N/A,Abandonment by spouse,26,0,Eligible,High,Educational Support,,,,,,,,,,
Ramon Salazar,66,01/16/1960,M,Santisima Cruz,Widow,Postgraduate,Unemployed,5870,1,No,No,N/A,Relative within 4th civil degree assuming care,25,0,Eligible,High,"Cash Assistance, Educational Support, Livelihood Support",,,,,,,,,,
Maria Fernandez,43,9/3/1983,F,Bagumbayan,Annulled,Elementary,Self-Employed,31958,0,No,No,N/A,"Declaration of nullity, annulment, or divorce",0,0,Not Eligible,N/A,,No qualifying dependent child under the applicant's care; RA 11861 requires sole parental care and support of a child.,,,,,,,,,
Marilou Reyes,61,1/8/1965,F,Bagumbayan,Separated,Vocational,Unemployed,136,0,No,No,N/A,Legal or de facto separation,33,0,Not Eligible,N/A,,No qualifying dependent child under the applicant's care; RA 11861 requires sole parental care and support of a child.,,,,,,,,,
Carmela Del Rosario,43,10/19/1983,F,Bubukal,Single,High School,Unemployed,38,3,No,Yes,Mental/Psychosocial,"Legal guardian, adoptive, or foster parent",0,0,Eligible,High,"Cash Assistance, Educational Support, Health Support, Livelihood Support",,,,,,,,,,
Danilo Santos,59,6/4/1967,M,San Pablo Norte,Married,Vocational,Employed,13636,4,No,No,N/A,Birth of child due to rape,0,0,Eligible,High,"Cash Assistance, Educational Support",,,,,,,,,,
Christian Ramos,65,1/8/1961,M,Patimbao,Married,Elementary,Unemployed,192,4,Yes,No,N/A,Birth of child due to rape,0,0,Eligible,High,"Cash Assistance, Educational Support, Livelihood Support",,,,,,,,,,
Ferdinand Santos,46,06/26/1980,M,Bagumbayan,Annulled,Postgraduate,Self-Employed,27749,0,No,No,N/A,"Declaration of nullity, annulment, or divorce",0,0,Not Eligible,N/A,,No qualifying dependent child under the applicant's care; RA 11861 requires sole parental care and support of a child.,,,,,,,,,
Maria Bautista,67,06/28/1959,F,Patimbao,Single,Elementary,Self-Employed,8411,3,No,Yes,Mental/Psychosocial,Birth of child due to rape,0,0,Eligible,High,"Cash Assistance, Educational Support, Health Support",,,,,,,,,,
Analyn Reyes,57,01/23/1969,F,Labuin,Widow,College,Employed,21760,4,No,No,N/A,Death of spouse,0,0,Eligible,High,Educational Support,,,,,,,,,,
Teresa Torres,32,04/23/1994,F,Duhat,Single,College,Part-Time,12298,1,Yes,No,N/A,Birth of child due to rape,0,0,Eligible,High,"Cash Assistance, Educational Support, Livelihood Support",,,,,,,,,,
Ana Cruz,24,09/18/2002,F,Labuin,Married,Elementary,Part-Time,7933,1,Yes,No,N/A,Spouse/family member/guardian of an OFW,35,0,Eligible,High,"Cash Assistance, Educational Support, Livelihood Support",,,,,,,,,,
Roberto Ocampo,38,7/5/1988,M,Labuin,Married,High School,Unemployed,1151,5,No,No,N/A,Detention of spouse (3+ months) or serving sentence,33,0,Eligible,High,"Cash Assistance, Educational Support, Livelihood Support",,,,,,,,,,
Danilo Mendoza,35,2/4/1991,M,Alipit,Married,Postgraduate,Employed,51338,5,Yes,No,N/A,Physical or mental incapacity of spouse,0,0,Eligible,High,Educational Support,,,,,,,,,,
Christian Villanueva,30,07/13/1996,M,Santisima Cruz,Widow,College,Part-Time,9174,5,No,No,N/A,Relative within 4th civil degree assuming care,6,0,Eligible,High,"Cash Assistance, Educational Support, Livelihood Support",,,,,,,,,,
Analyn Garcia,40,2/6/1986,F,Santisima Cruz,Single,Postgraduate,Employed,25783,0,No,No,N/A,Unmarried parent who keeps and rears the child,0,0,Not Eligible,N/A,,No qualifying dependent child under the applicant's care; RA 11861 requires sole parental care and support of a child.,,,,,,,,,
Ronald Flores,43,6/9/1983,M,Santisima Cruz,Married,Postgraduate,Part-Time,13360,0,No,No,N/A,Physical or mental incapacity of spouse,0,0,Not Eligible,N/A,,No qualifying dependent child under the applicant's care; RA 11861 requires sole parental care and support of a child.,,,,,,,,,
Luzviminda Dela Cruz,60,03/24/1966,F,San Juan,Single,College,Part-Time,11636,2,No,No,N/A,Unmarried parent who keeps and rears the child,0,0,Eligible,High,"Cash Assistance, Educational Support, Livelihood Support",,,,,,,,,,
Marites Villanueva,21,6/7/2005,F,Bubukal,Widow,Postgraduate,Part-Time,9559,4,Yes,No,N/A,Death of spouse,0,0,Eligible,High,"Cash Assistance, Educational Support, Livelihood Support",,,,,,,,,,
Joy Bautista,37,10/4/1989,F,Duhat,Widow,Vocational,Self-Employed,33111,0,No,Yes,Sensory (Visual/Hearing),Death of spouse,0,0,Not Eligible,N/A,,No qualifying dependent child under the applicant's care; RA 11861 requires sole parental care and support of a child.,,,,,,,,,
Ana Garcia,36,07/27/1990,F,San Pablo Norte,Single,College,Self-Employed,57841,2,No,No,N/A,Birth of child due to rape,0,0,Eligible,Medium,Educational Support,,,,,,,,,,
Julius Castillo,59,09/23/1967,M,Santisima Cruz,Single,College,Unemployed,320,3,No,No,N/A,Relative within 4th civil degree assuming care,10,0,Eligible,High,"Cash Assistance, Educational Support, Livelihood Support",,,,,,,,,,
Ronald Gonzales,66,2/8/1960,M,Alipit,Single,College,Unemployed,1765,1,Yes,Yes,Physical,Birth of child due to rape,0,0,Eligible,High,"Cash Assistance, Educational Support, Health Support, Livelihood Support",,,,,,,,,,
Julius Rivera,37,12/14/1989,M,Santisima Cruz,Married,College,Self-Employed,24682,3,Yes,No,N/A,Spouse/family member/guardian of an OFW,32,0,Eligible,High,Educational Support,,,,,,,,,,
Roberto Garcia,19,03/15/2007,M,San Pablo Norte,Single,College,Unemployed,161,0,No,No,N/A,Unmarried parent who keeps and rears the child,0,0,Not Eligible,N/A,,No qualifying dependent child under the applicant's care; RA 11861 requires sole parental care and support of a child.,,,,,,,,,
Reynaldo Mendoza,27,08/28/1999,M,San Pablo Norte,Married,College,Self-Employed,9566,0,No,No,N/A,Spouse/family member/guardian of an OFW,5,0,Not Eligible,N/A,,Claimed 'Spouse/family member/guardian of an OFW' but duration is only 5 month(s); RA 11861 requires at least 12 month(s) for this category.,,,,,,,,,
Carmela Rivera,35,12/7/1991,F,Bubukal,Married,Elementary,Part-Time,10029,0,No,Yes,Sensory (Visual/Hearing),Abandonment by spouse,1,0,Not Eligible,N/A,,Claimed 'Abandonment by spouse' but duration is only 1 month(s); RA 11861 requires at least 6 month(s) for this category.,,,,,,,,,
Angelica Salazar,65,02/25/1961,F,Patimbao,Single,Postgraduate,Employed,10844,0,No,No,N/A,Pregnant woman solely responsible for unborn child,0,0,Not Eligible,N/A,,Claimed pregnancy category but not marked pregnant.,,,,,,,,,
Julius Ocampo,53,3/8/1973,M,Duhat,Single,High School,Self-Employed,11985,0,No,No,N/A,Relative within 4th civil degree assuming care,32,0,Not Eligible,N/A,,No qualifying dependent child under the applicant's care; RA 11861 requires sole parental care and support of a child.,,,,,,,,,
Angelica Garcia,39,8/3/1987,F,Bagumbayan,Single,Elementary,Employed,23068,0,No,No,N/A,Pregnant woman solely responsible for unborn child,0,0,Not Eligible,N/A,,Claimed pregnancy category but not marked pregnant.,,,,,,,,,
Ligaya Garcia,62,01/28/1964,F,Bubukal,Married,Elementary,Employed,14530,4,Yes,No,N/A,Abandonment by spouse,14,0,Eligible,High,"Cash Assistance, Educational Support",,,,,,,,,,
Ligaya Fernandez,22,4/6/2004,F,Patimbao,Single,Vocational,Part-Time,9986,1,No,No,N/A,Unmarried parent who keeps and rears the child,0,0,Eligible,High,"Cash Assistance, Educational Support, Livelihood Support",,,,,,,,,,
Danilo Reyes,50,7/2/1976,M,Alipit,Married,Vocational,Employed,17417,0,No,No,N/A,Spouse/family member/guardian of an OFW,37,0,Not Eligible,N/A,,No qualifying dependent child under the applicant's care; RA 11861 requires sole parental care and support of a child.,,,,,,,,,
Dominic Cruz,45,04/13/1981,M,Calios,Annulled,Elementary,Unemployed,2461,2,Yes,No,N/A,"Declaration of nullity, annulment, or divorce",0,0,Eligible,High,"Cash Assistance, Educational Support, Livelihood Support",,,,,,,,,,
Dominic Fernandez,55,6/8/1971,M,Labuin,Married,College,Part-Time,5580,0,No,No,N/A,Physical or mental incapacity of spouse,0,0,Not Eligible,N/A,,No qualifying dependent child under the applicant's care; RA 11861 requires sole parental care and support of a child.,,,,,,,,,
Dominic Gonzales,27,03/21/1999,M,Bagumbayan,Married,Elementary,Self-Employed,11469,0,No,No,N/A,Detention of spouse (3+ months) or serving sentence,9,0,Not Eligible,N/A,,No qualifying dependent child under the applicant's care; RA 11861 requires sole parental care and support of a child.,,,,,,,,,
Luzviminda Pascual,50,1/12/1976,F,Santisima Cruz,Single,High School,Unemployed,369,0,No,No,N/A,Pregnant woman solely responsible for unborn child,0,0,Not Eligible,N/A,,Claimed pregnancy category but not marked pregnant.,,,,,,,,,
Jose Aquino,68,06/24/1958,M,San Pablo Sur,Married,Vocational,Self-Employed,9976,5,Yes,No,N/A,Abandonment by spouse,26,0,Eligible,High,"Cash Assistance, Educational Support",,,,,,,,,,
Luzviminda Ocampo,50,07/14/1976,F,Patimbao,Annulled,Postgraduate,Unemployed,362,0,No,Yes,Intellectual/Developmental,"Declaration of nullity, annulment, or divorce",0,0,Not Eligible,N/A,,No qualifying dependent child under the applicant's care; RA 11861 requires sole parental care and support of a child.,,,,,,,,,
Luzviminda Castillo,30,5/12/1996,F,Santisima Cruz,Widow,Elementary,Unemployed,3191,0,No,No,N/A,Death of spouse,0,0,Not Eligible,N/A,,No qualifying dependent child under the applicant's care; RA 11861 requires sole parental care and support of a child.,,,,,,,,,
Julius Salazar,56,10/6/1970,M,San Juan,Separated,Vocational,Employed,15663,0,No,Yes,Intellectual/Developmental,Legal or de facto separation,5,0,Not Eligible,N/A,,Claimed 'Legal or de facto separation' but duration is only 5 month(s); RA 11861 requires at least 6 month(s) for this category.,,,,,,,,,
Christian Mendoza,64,08/16/1962,M,Santisima Cruz,Separated,College,Unemployed,192,0,No,No,N/A,Legal or de facto separation,12,0,Not Eligible,N/A,,No qualifying dependent child under the applicant's care; RA 11861 requires sole parental care and support of a child.,,,,,,,,,
Christian Mendoza,49,03/13/1977,M,Calios,Married,Postgraduate,Self-Employed,49185,0,No,No,N/A,Physical or mental incapacity of spouse,0,0,Not Eligible,N/A,,No qualifying dependent child under the applicant's care; RA 11861 requires sole parental care and support of a child.,,,,,,,,,
Reynaldo Del Rosario,32,7/6/1994,M,San Juan,Single,College,Self-Employed,16612,0,No,No,N/A,Birth of child due to rape,0,0,Not Eligible,N/A,,No qualifying dependent child under the applicant's care; RA 11861 requires sole parental care and support of a child.,,,,,,,,,
Josephine Pascual,25,05/27/2001,F,Calios,Married,College,Part-Time,9089,0,No,No,N/A,Abandonment by spouse,19,0,Not Eligible,N/A,,No qualifying dependent child under the applicant's care; RA 11861 requires sole parental care and support of a child.,,,,,,,,,
Luzviminda Garcia,58,10/1/1968,F,Santisima Cruz,Single,Elementary,Part-Time,9261,3,Yes,Yes,Physical,Birth of child due to rape,0,0,Eligible,High,"Cash Assistance, Educational Support, Health Support, Livelihood Support",,,,,,,,,,
Josephine Dela Cruz,53,08/14/1973,F,Alipit,Widow,High School,Unemployed,2052,0,No,No,N/A,Death of spouse,0,0,Not Eligible,N/A,,No qualifying dependent child under the applicant's care; RA 11861 requires sole parental care and support of a child.,,,,,,,,,
Teresa Ramos,31,7/4/1995,F,San Pablo Sur,Married,Elementary,Self-Employed,15186,0,No,No,N/A,Abandonment by spouse,19,0,Not Eligible,N/A,,No qualifying dependent child under the applicant's care; RA 11861 requires sole parental care and support of a child.,,,,,,,,,
Dominic Pascual,66,05/14/1960,M,Bagumbayan,Married,College,Employed,22174,0,No,No,N/A,Detention of spouse (3+ months) or serving sentence,26,0,Not Eligible,N/A,,No qualifying dependent child under the applicant's care; RA 11861 requires sole parental care and support of a child.,,,,,,,,,
Dominic Villanueva,67,09/15/1959,M,San Pablo Norte,Married,College,Part-Time,9205,3,Yes,Yes,Sensory (Visual/Hearing),Physical or mental incapacity of spouse,0,0,Eligible,High,"Cash Assistance, Educational Support, Health Support, Livelihood Support",,,,,,,,,,
Arnel Santos,59,08/20/1967,M,Patimbao,Married,High School,Employed,13803,2,Yes,No,N/A,"Legal guardian, adoptive, or foster parent",0,0,Eligible,High,"Cash Assistance, Educational Support",,,,,,,,,,
Ferdinand Reyes,36,09/15/1990,M,San Juan,Married,Vocational,Employed,16294,0,No,Yes,Sensory (Visual/Hearing),Abandonment by spouse,13,0,Not Eligible,N/A,,No qualifying dependent child under the applicant's care; RA 11861 requires sole parental care and support of a child.,,,,,,,,,
Christian Villanueva,29,8/4/1997,M,Alipit,Separated,College,Self-Employed,15780,4,Yes,No,N/A,Legal or de facto separation,12,0,Eligible,High,"Cash Assistance, Educational Support",,,,,,,,,,
Teresa Gonzales,55,06/17/1971,F,Santisima Cruz,Single,College,Self-Employed,19106,0,No,No,N/A,Birth of child due to rape,0,0,Not Eligible,N/A,,No qualifying dependent child under the applicant's care; RA 11861 requires sole parental care and support of a child.,,,,,,,,,
Marilou Garcia,45,7/10/1981,F,Bagumbayan,Separated,Vocational,Unemployed,5101,2,No,No,N/A,Legal or de facto separation,36,0,Eligible,High,"Cash Assistance, Educational Support, Livelihood Support",,,,,,,,,,
Roberto Dela Cruz,55,10/8/1971,M,Bubukal,Annulled,High School,Employed,38975,4,Yes,No,N/A,"Declaration of nullity, annulment, or divorce",0,0,Eligible,High,Educational Support,,,,,,,,,,
Ferdinand Pascual,24,9/2/2002,M,San Pablo Norte,Married,Elementary,Employed,15827,0,No,Yes,Mental/Psychosocial,Detention of spouse (3+ months) or serving sentence,0,0,Not Eligible,N/A,,Claimed 'Detention of spouse (3+ months) or serving sentence' but duration is only 0 month(s); RA 11861 requires at least 3 month(s) for this category.,,,,,,,,,
Maria Bautista,57,11/27/1969,F,Calios,Widow,Postgraduate,Unemployed,576,0,No,No,N/A,Death of spouse,0,0,Not Eligible,N/A,,No qualifying dependent child under the applicant's care; RA 11861 requires sole parental care and support of a child.,,,,,,,,,
Ronald Cruz,61,11/18/1965,M,Patimbao,Married,Elementary,Self-Employed,4880,0,No,No,N/A,Abandonment by spouse,11,0,Not Eligible,N/A,,No qualifying dependent child under the applicant's care; RA 11861 requires sole parental care and support of a child.,,,,,,,,,
Ligaya Bautista,47,02/28/1979,F,Bubukal,Single,Vocational,Unemployed,3447,0,No,No,N/A,Pregnant woman solely responsible for unborn child,0,0,Not Eligible,N/A,,Claimed pregnancy category but not marked pregnant.,,,,,,,,,
Grace Flores,54,07/25/1972,F,Patimbao,Annulled,College,Unemployed,5497,5,Yes,No,N/A,"Declaration of nullity, annulment, or divorce",0,0,Eligible,High,"Cash Assistance, Educational Support, Livelihood Support",,,,,,,,,,
Roberto Flores,26,09/27/2000,M,Patimbao,Annulled,High School,Self-Employed,11840,4,Yes,No,N/A,"Declaration of nullity, annulment, or divorce",0,0,Eligible,High,"Cash Assistance, Educational Support",,,,,,,,,,
Arnel Aquino,59,1/6/1967,M,Duhat,Widow,Elementary,Part-Time,7914,0,No,Yes,Physical,Death of spouse,0,0,Not Eligible,N/A,,No qualifying dependent child under the applicant's care; RA 11861 requires sole parental care and support of a child.,,,,,,,,,
Corazon Rivera,67,11/9/1959,F,San Pablo Sur,Single,High School,Part-Time,14690,0,No,No,N/A,Pregnant woman solely responsible for unborn child,0,1,Eligible,High,"Cash Assistance, Livelihood Support",,,,,,,,,,
Josephine Bautista,66,5/12/1960,F,Patimbao,Annulled,Elementary,Employed,12093,0,No,No,N/A,"Declaration of nullity, annulment, or divorce",0,0,Not Eligible,N/A,,No qualifying dependent child under the applicant's care; RA 11861 requires sole parental care and support of a child.,,,,,,,,,
Josephine Garcia,28,03/16/1998,F,Labuin,Widow,Elementary,Self-Employed,21401,0,No,No,N/A,"Legal guardian, adoptive, or foster parent",0,0,Not Eligible,N/A,,No qualifying dependent child under the applicant's care; RA 11861 requires sole parental care and support of a child.,,,,,,,,,
Reynaldo Gonzales,29,01/19/1997,M,Labuin,Single,High School,Employed,7748,0,No,No,N/A,"Legal guardian, adoptive, or foster parent",0,0,Not Eligible,N/A,,No qualifying dependent child under the applicant's care; RA 11861 requires sole parental care and support of a child.,,,,,,,,,
Danilo Gonzales,67,01/23/1959,M,San Juan,Single,High School,Employed,26954,4,Yes,No,N/A,Unmarried parent who keeps and rears the child,0,0,Eligible,High,Educational Support,,,,,,,,,,
Rosalinda Bautista,67,7/7/1959,F,San Pablo Norte,Single,Postgraduate,Employed,17519,0,No,No,N/A,Pregnant woman solely responsible for unborn child,0,0,Not Eligible,N/A,,Claimed pregnancy category but not marked pregnant.,,,,,,,,,
Marites Del Rosario,41,11/20/1985,F,San Juan,Annulled,Postgraduate,Employed,10342,4,Yes,No,N/A,"Declaration of nullity, annulment, or divorce",0,0,Eligible,High,"Cash Assistance, Educational Support",,,,,,,,,,
Ferdinand Pascual,27,07/25/1999,M,Bagumbayan,Widow,College,Part-Time,7540,5,Yes,No,N/A,Death of spouse,0,0,Eligible,High,"Cash Assistance, Educational Support, Livelihood Support",,,,,,,,,,
Noel Fernandez,27,5/9/1999,M,San Pablo Sur,Single,Postgraduate,Self-Employed,31029,2,Yes,No,N/A,Unmarried parent who keeps and rears the child,0,0,Eligible,Medium,Educational Support,,,,,,,,,,
Ana Salazar,51,1/7/1975,F,Alipit,Married,Postgraduate,Part-Time,12628,4,Yes,No,N/A,Physical or mental incapacity of spouse,0,0,Eligible,High,"Cash Assistance, Educational Support, Livelihood Support",,,,,,,,,,
Ronald Garcia,42,12/25/1984,M,Santisima Cruz,Single,Elementary,Part-Time,12651,2,Yes,No,N/A,Relative within 4th civil degree assuming care,15,0,Eligible,High,"Cash Assistance, Educational Support, Livelihood Support",,,,,,,,,,
Marilou Rivera,48,10/1/1978,F,Duhat,Married,College,Self-Employed,18397,4,Yes,Yes,Sensory (Visual/Hearing),Detention of spouse (3+ months) or serving sentence,15,0,Eligible,High,"Educational Support, Health Support",,,,,,,,,,
Grace Cruz,39,06/15/1987,F,Bagumbayan,Widow,Elementary,Employed,22463,2,Yes,No,N/A,Relative within 4th civil degree assuming care,6,0,Eligible,Medium,Educational Support,,,,,,,,,,
Julius Rivera,58,11/7/1968,M,Bagumbayan,Married,Elementary,Part-Time,9172,5,Yes,No,N/A,Spouse/family member/guardian of an OFW,31,0,Eligible,High,"Cash Assistance, Educational Support, Livelihood Support",,,,,,,,,,
Luzviminda Cruz,61,07/15/1965,F,Bagumbayan,Married,Elementary,Self-Employed,19850,0,No,No,N/A,Spouse/family member/guardian of an OFW,16,0,Not Eligible,N/A,,No qualifying dependent child under the applicant's care; RA 11861 requires sole parental care and support of a child.,,,,,,,,,
Marites Flores,61,10/1/1965,F,Bubukal,Married,College,Unemployed,595,0,No,No,N/A,Birth of child due to rape,0,0,Not Eligible,N/A,,No qualifying dependent child under the applicant's care; RA 11861 requires sole parental care and support of a child.,,,,,,,,,
Roberto Villanueva,49,04/24/1977,M,Calios,Married,High School,Employed,18462,1,No,No,N/A,Spouse/family member/guardian of an OFW,25,0,Eligible,Medium,Educational Support,,,,,,,,,,
Josephine Salazar,61,10/6/1965,F,Duhat,Married,Postgraduate,Employed,19688,3,No,No,N/A,Abandonment by spouse,3,0,Not Eligible,N/A,,Claimed 'Abandonment by spouse' but duration is only 3 month(s); RA 11861 requires at least 6 month(s) for this category.,,,,,,,,,
Ferdinand Fernandez,60,04/22/1966,M,Bubukal,Married,Vocational,Part-Time,8779,5,Yes,Yes,Intellectual/Developmental,"Legal guardian, adoptive, or foster parent",0,0,Eligible,High,"Cash Assistance, Educational Support, Health Support, Livelihood Support",,,,,,,,,,
Analyn Santos,67,10/14/1959,F,San Pablo Sur,Married,High School,Employed,24146,0,No,No,N/A,"Legal guardian, adoptive, or foster parent",0,0,Not Eligible,N/A,,No qualifying dependent child under the applicant's care; RA 11861 requires sole parental care and support of a child.,,,,,,,,,
Reynaldo Del Rosario,55,11/6/1971,M,San Juan,Widow,Elementary,Self-Employed,8093,0,No,No,N/A,Death of spouse,0,0,Not Eligible,N/A,,No qualifying dependent child under the applicant's care; RA 11861 requires sole parental care and support of a child.,,,,,,,,,
Roberto Flores,30,9/5/1996,M,Bubukal,Widow,Postgraduate,Unemployed,1325,0,No,No,N/A,Relative within 4th civil degree assuming care,32,0,Not Eligible,N/A,,No qualifying dependent child under the applicant's care; RA 11861 requires sole parental care and support of a child.,,,,,,,,,
Angelica Rivera,36,12/21/1990,F,San Pablo Sur,Married,High School,Part-Time,8380,2,Yes,No,N/A,Abandonment by spouse,2,0,Not Eligible,N/A,,Claimed 'Abandonment by spouse' but duration is only 2 month(s); RA 11861 requires at least 6 month(s) for this category.,,,,,,,,,
Luzviminda Castillo,29,12/12/1997,F,San Juan,Widow,Postgraduate,Part-Time,12212,0,No,No,N/A,Death of spouse,0,0,Not Eligible,N/A,,No qualifying dependent child under the applicant's care; RA 11861 requires sole parental care and support of a child.,,,,,,,,,
Jose Castillo,63,11/19/1963,M,Alipit,Widow,College,Unemployed,1028,0,No,Yes,Physical,Death of spouse,0,0,Not Eligible,N/A,,No qualifying dependent child under the applicant's care; RA 11861 requires sole parental care and support of a child.,,,,,,,,,
Cristina Flores,34,7/4/1992,F,Santisima Cruz,Married,High School,Part-Time,10571,0,No,Yes,Intellectual/Developmental,Spouse/family member/guardian of an OFW,14,0,Not Eligible,N/A,,No qualifying dependent child under the applicant's care; RA 11861 requires sole parental care and support of a child.,,,,,,,,,
Luzviminda Salazar,26,11/28/2000,F,Calios,Widow,Vocational,Part-Time,8732,0,No,No,N/A,"Legal guardian, adoptive, or foster parent",0,0,Not Eligible,N/A,,No qualifying dependent child under the applicant's care; RA 11861 requires sole parental care and support of a child.,,,,,,,,,
Rosalinda Salazar,59,09/21/1967,F,Bagumbayan,Married,Vocational,Employed,13536,0,No,No,N/A,Detention of spouse (3+ months) or serving sentence,21,0,Not Eligible,N/A,,No qualifying dependent child under the applicant's care; RA 11861 requires sole parental care and support of a child.,,,,,,,,,
Marites Flores,24,6/10/2002,F,Calios,Single,College,Part-Time,7971,0,No,No,N/A,Pregnant woman solely responsible for unborn child,0,1,Eligible,High,"Cash Assistance, Livelihood Support",,,,,,,,,,
Ferdinand Santos,30,10/25/1996,M,Alipit,Married,Elementary,Unemployed,3896,1,Yes,No,N/A,Abandonment by spouse,0,0,Not Eligible,N/A,,Claimed 'Abandonment by spouse' but duration is only 0 month(s); RA 11861 requires at least 6 month(s) for this category.,,,,,,,,,
Ramon Ocampo,53,10/6/1973,M,San Juan,Married,Vocational,Unemployed,3044,3,Yes,Yes,Intellectual/Developmental,Spouse/family member/guardian of an OFW,25,0,Eligible,High,"Cash Assistance, Educational Support, Health Support, Livelihood Support",,,,,,,,,,
Ferdinand Torres,55,1/5/1971,M,San Juan,Widow,Elementary,Employed,17612,0,No,No,N/A,"Legal guardian, adoptive, or foster parent",0,0,Not Eligible,N/A,,No qualifying dependent child under the applicant's care; RA 11861 requires sole parental care and support of a child.,,,,,,,,,
Maria Cruz,64,03/13/1962,F,Patimbao,Single,Postgraduate,Employed,13921,0,No,No,N/A,Unmarried parent who keeps and rears the child,0,0,Not Eligible,N/A,,No qualifying dependent child under the applicant's care; RA 11861 requires sole parental care and support of a child.,,,,,,,,,
Reynaldo Santos,31,3/3/1995,M,Santisima Cruz,Single,High School,Self-Employed,21770,3,Yes,Yes,Mental/Psychosocial,Unmarried parent who keeps and rears the child,0,0,Eligible,High,"Educational Support, Health Support",,,,,,,,,,
Noel Ocampo,51,8/2/1975,M,Duhat,Married,College,Self-Employed,12894,4,Yes,No,N/A,Abandonment by spouse,5,0,Not Eligible,N/A,,Claimed 'Abandonment by spouse' but duration is only 5 month(s); RA 11861 requires at least 6 month(s) for this category.,,,,,,,,,
Christian Villanueva,48,7/11/1978,M,San Pablo Sur,Single,College,Part-Time,12459,1,Yes,No,N/A,Birth of child due to rape,0,0,Eligible,High,"Cash Assistance, Educational Support, Livelihood Support",,,,,,,,,,
Mark Gonzales,60,11/24/1966,M,San Pablo Norte,Married,Postgraduate,Employed,15403,2,Yes,No,N/A,Detention of spouse (3+ months) or serving sentence,22,0,Eligible,High,"Cash Assistance, Educational Support",,,,,,,,,,
Ronald Cruz,65,03/24/1961,M,Santisima Cruz,Single,Vocational,Part-Time,6867,0,No,No,N/A,Unmarried parent who keeps and rears the child,0,0,Not Eligible,N/A,,No qualifying dependent child under the applicant's care; RA 11861 requires sole parental care and support of a child.,,,,,,,,,
Joy Mendoza,34,3/1/1992,F,San Pablo Sur,Separated,Postgraduate,Unemployed,1707,1,Yes,Yes,Sensory (Visual/Hearing),Legal or de facto separation,3,0,Not Eligible,N/A,,Claimed 'Legal or de facto separation' but duration is only 3 month(s); RA 11861 requires at least 6 month(s) for this category.,,,,,,,,,
Teresa Garcia,39,11/23/1987,F,Bubukal,Married,College,Self-Employed,20359,4,Yes,No,N/A,Abandonment by spouse,34,0,Eligible,High,Educational Support,,,,,,,,,,
Joy Reyes,46,12/8/1980,F,Bagumbayan,Single,Postgraduate,Employed,31356,0,No,Yes,Intellectual/Developmental,Pregnant woman solely responsible for unborn child,0,0,Not Eligible,N/A,,Claimed pregnancy category but not marked pregnant.,,,,,,,,,
Noel Torres,55,06/14/1971,M,Bagumbayan,Married,Postgraduate,Employed,8125,3,No,Yes,Physical,Relative within 4th civil degree assuming care,11,0,Eligible,High,"Cash Assistance, Educational Support, Health Support",,,,,,,,,,
Angelica Gonzales,41,9/8/1985,F,Labuin,Separated,Elementary,Self-Employed,20255,5,No,No,N/A,Legal or de facto separation,0,0,Not Eligible,N/A,,Claimed 'Legal or de facto separation' but duration is only 0 month(s); RA 11861 requires at least 6 month(s) for this category.,,,,,,,,,
Joy Cruz,62,07/14/1964,F,San Pablo Sur,Annulled,Vocational,Employed,29217,0,No,No,N/A,"Declaration of nullity, annulment, or divorce",0,0,Not Eligible,N/A,,No qualifying dependent child under the applicant's care; RA 11861 requires sole parental care and support of a child.,,,,,,,,,
Noel Rivera,58,11/21/1968,M,Patimbao,Married,High School,Employed,19730,0,No,No,N/A,Abandonment by spouse,20,0,Not Eligible,N/A,,No qualifying dependent child under the applicant's care; RA 11861 requires sole parental care and support of a child.,,,,,,,,,
Danilo Salazar,32,01/27/1994,M,San Pablo Sur,Widow,Elementary,Part-Time,11542,3,Yes,No,N/A,Relative within 4th civil degree assuming care,22,0,Eligible,High,"Cash Assistance, Educational Support, Livelihood Support",,,,,,,,,,
Rosalinda Villanueva,36,5/9/1990,F,San Pablo Norte,Single,College,Self-Employed,20389,0,No,Yes,Physical,Pregnant woman solely responsible for unborn child,0,1,Eligible,High,Health Support,,,,,,,,,,
Edwin Salazar,62,1/6/1964,M,San Juan,Married,Elementary,Part-Time,9622,4,Yes,No,N/A,Birth of child due to rape,0,0,Eligible,High,"Cash Assistance, Educational Support, Livelihood Support",,,,,,,,,,
Angelica Dela Cruz,46,12/9/1980,F,San Pablo Sur,Separated,College,Unemployed,4313,0,No,No,N/A,Legal or de facto separation,28,0,Not Eligible,N/A,,No qualifying dependent child under the applicant's care; RA 11861 requires sole parental care and support of a child.,,,,,,,,,
Ramon Aquino,63,12/26/1963,M,Alipit,Married,College,Unemployed,1821,2,No,No,N/A,Detention of spouse (3+ months) or serving sentence,24,0,Eligible,High,"Cash Assistance, Educational Support, Livelihood Support",,,,,,,,,,
Ligaya Castillo,50,07/27/1976,F,Bagumbayan,Married,College,Unemployed,1044,1,No,No,N/A,Spouse/family member/guardian of an OFW,39,0,Eligible,High,"Cash Assistance, Educational Support, Livelihood Support",,,,,,,,,,
Carmela Aquino,62,11/7/1964,F,Bagumbayan,Single,Elementary,Self-Employed,23280,1,Yes,No,N/A,"Legal guardian, adoptive, or foster parent",0,0,Eligible,Medium,Educational Support,,,,,,,,,,
Maria Dela Cruz,61,06/16/1965,F,Alipit,Single,Vocational,Part-Time,5707,4,Yes,No,N/A,Relative within 4th civil degree assuming care,13,0,Eligible,High,"Cash Assistance, Educational Support, Livelihood Support",,,,,,,,,,
Rosalinda Reyes,29,04/18/1997,F,Duhat,Married,High School,Unemployed,262,0,No,No,N/A,Physical or mental incapacity of spouse,0,0,Not Eligible,N/A,,No qualifying dependent child under the applicant's care; RA 11861 requires sole parental care and support of a child.,,,,,,,,,
Marites Pascual,39,01/24/1987,F,San Juan,Widow,Postgraduate,Part-Time,9904,2,Yes,No,N/A,Death of spouse,0,0,Eligible,High,"Cash Assistance, Educational Support, Livelihood Support",,,,,,,,,,
Reynaldo Salazar,62,3/8/1964,M,San Pablo Norte,Single,High School,Unemployed,1921,0,No,No,N/A,"Legal guardian, adoptive, or foster parent",0,0,Not Eligible,N/A,,No qualifying dependent child under the applicant's care; RA 11861 requires sole parental care and support of a child.,,,,,,,,,
Arnel Del Rosario,31,08/17/1995,M,Calios,Married,Elementary,Employed,16666,5,Yes,No,N/A,Birth of child due to rape,0,0,Eligible,High,Educational Support,,,,,,,,,,
Angelica Salazar,52,01/27/1974,F,San Pablo Norte,Single,Postgraduate,Self-Employed,34043,2,Yes,No,N/A,Relative within 4th civil degree assuming care,30,0,Eligible,Medium,Educational Support,,,,,,,,,,
Rosalinda Mendoza,22,08/22/2004,F,Labuin,Widow,Elementary,Unemployed,416,0,No,No,N/A,"Legal guardian, adoptive, or foster parent",0,0,Not Eligible,N/A,,No qualifying dependent child under the applicant's care; RA 11861 requires sole parental care and support of a child.,,,,,,,,,
Marites Bautista,39,05/18/1987,F,San Pablo Sur,Annulled,Postgraduate,Self-Employed,26523,1,Yes,No,N/A,"Declaration of nullity, annulment, or divorce",0,0,Eligible,Medium,Educational Support,,,,,,,,,,
Teresa Bautista,44,4/3/1982,F,San Juan,Annulled,Vocational,Self-Employed,44624,1,No,Yes,Physical,"Declaration of nullity, annulment, or divorce",0,0,Eligible,High,"Educational Support, Health Support",,,,,,,,,,
Josephine Torres,20,12/18/2006,F,Bubukal,Widow,College,Unemployed,470,0,No,No,N/A,Death of spouse,0,0,Not Eligible,N/A,,No qualifying dependent child under the applicant's care; RA 11861 requires sole parental care and support of a child.,,,,,,,,,
Dominic Villanueva,37,01/21/1989,M,Duhat,Married,High School,Unemployed,272,0,No,No,N/A,Physical or mental incapacity of spouse,0,0,Not Eligible,N/A,,No qualifying dependent child under the applicant's care; RA 11861 requires sole parental care and support of a child.,,,,,,,,,
Ronald Garcia,56,1/6/1970,M,Alipit,Widow,Postgraduate,Self-Employed,13071,1,No,No,N/A,Relative within 4th civil degree assuming care,0,0,Not Eligible,N/A,,Claimed 'Relative within 4th civil degree assuming care' but duration is only 0 month(s); RA 11861 requires at least 6 month(s) for this category.,,,,,,,,,
Noel Torres,26,06/23/2000,M,Calios,Separated,Postgraduate,Self-Employed,7025,3,No,No,N/A,Legal or de facto separation,30,0,Eligible,High,"Cash Assistance, Educational Support",,,,,,,,,,
Ronald Ocampo,47,09/23/1979,M,Labuin,Married,College,Self-Employed,33017,0,No,No,N/A,"Legal guardian, adoptive, or foster parent",0,0,Not Eligible,N/A,,No qualifying dependent child under the applicant's care; RA 11861 requires sole parental care and support of a child.,,,,,,,,,
Ana Ocampo,27,10/26/1999,F,Calios,Separated,Vocational,Unemployed,684,4,No,No,N/A,Legal or de facto separation,11,0,Eligible,High,"Cash Assistance, Educational Support, Livelihood Support",,,,,,,,,,
Ramon Ocampo,60,07/22/1966,M,San Pablo Norte,Single,High School,Employed,29541,0,No,No,N/A,Birth of child due to rape,0,0,Not Eligible,N/A,,No qualifying dependent child under the applicant's care; RA 11861 requires sole parental care and support of a child.,,,,,,,,,
Joy Garcia,23,7/12/2003,F,Bubukal,Single,Elementary,Unemployed,1101,3,Yes,No,N/A,Unmarried parent who keeps and rears the child,0,0,Eligible,High,"Cash Assistance, Educational Support, Livelihood Support",,,,,,,,,,
Ramon Reyes,33,06/15/1993,M,San Pablo Sur,Married,Vocational,Unemployed,3517,2,Yes,No,N/A,Spouse/family member/guardian of an OFW,24,0,Eligible,High,"Cash Assistance, Educational Support, Livelihood Support",,,,,,,,,,
Teresa Rivera,61,03/26/1965,F,Duhat,Married,Postgraduate,Employed,14131,0,No,Yes,Sensory (Visual/Hearing),Spouse/family member/guardian of an OFW,12,0,Not Eligible,N/A,,No qualifying dependent child under the applicant's care; RA 11861 requires sole parental care and support of a child.,,,,,,,,,
Marites Dela Cruz,25,11/10/2001,F,San Pablo Sur,Married,Vocational,Self-Employed,14597,5,Yes,No,N/A,"Legal guardian, adoptive, or foster parent",0,0,Eligible,High,"Cash Assistance, Educational Support",,,,,,,,,,
Rosalinda Ocampo,51,03/27/1975,F,Alipit,Married,Elementary,Unemployed,3169,0,No,No,N/A,Birth of child due to rape,0,0,Not Eligible,N/A,,No qualifying dependent child under the applicant's care; RA 11861 requires sole parental care and support of a child.,,,,,,,,,
Ferdinand Aquino,47,11/27/1979,M,Alipit,Married,High School,Unemployed,2058,5,Yes,No,N/A,Abandonment by spouse,13,0,Eligible,High,"Cash Assistance, Educational Support, Livelihood Support",,,,,,,,,,
Danilo Torres,44,11/23/1982,M,San Pablo Sur,Single,Elementary,Unemployed,1468,0,No,No,N/A,Birth of child due to rape,0,0,Not Eligible,N/A,,No qualifying dependent child under the applicant's care; RA 11861 requires sole parental care and support of a child.,,,,,,,,,
Maria Del Rosario,48,1/2/1978,F,Labuin,Married,Elementary,Part-Time,9750,0,No,No,N/A,Abandonment by spouse,24,0,Not Eligible,N/A,,No qualifying dependent child under the applicant's care; RA 11861 requires sole parental care and support of a child.,,,,,,,,,
Christian Mendoza,34,12/19/1992,M,Patimbao,Annulled,High School,Part-Time,10852,3,No,No,N/A,"Declaration of nullity, annulment, or divorce",0,0,Eligible,High,"Cash Assistance, Educational Support, Livelihood Support",,,,,,,,,,
Grace Santos,40,03/19/1986,F,Duhat,Married,Vocational,Part-Time,5547,5,Yes,Yes,Mental/Psychosocial,Abandonment by spouse,27,0,Eligible,High,"Cash Assistance, Educational Support, Health Support, Livelihood Support",,,,,,,,,,
Danilo Bautista,24,9/11/2002,M,Bubukal,Married,Elementary,Unemployed,2409,4,Yes,No,N/A,Spouse/family member/guardian of an OFW,25,0,Eligible,High,"Cash Assistance, Educational Support, Livelihood Support",,,,,,,,,,
Noel Rivera,40,08/13/1986,M,Calios,Widow,High School,Self-Employed,28421,0,No,Yes,Mental/Psychosocial,Death of spouse,0,0,Not Eligible,N/A,,No qualifying dependent child under the applicant's care; RA 11861 requires sole parental care and support of a child.,,,,,,,,,
Jose Salazar,48,01/14/1978,M,San Pablo Norte,Married,Vocational,Self-Employed,10847,5,Yes,Yes,Physical,Abandonment by spouse,16,0,Eligible,High,"Cash Assistance, Educational Support, Health Support",,,,,,,,,,
Roberto Reyes,51,07/27/1975,M,Santisima Cruz,Annulled,Vocational,Employed,28986,3,No,No,N/A,"Declaration of nullity, annulment, or divorce",0,0,Eligible,High,Educational Support,,,,,,,,,,
Mark Castillo,36,7/2/1990,M,Alipit,Widow,Elementary,Unemployed,510,0,No,No,N/A,Death of spouse,0,0,Not Eligible,N/A,,No qualifying dependent child under the applicant's care; RA 11861 requires sole parental care and support of a child.,,,,,,,,,
Teresa Cruz,62,08/28/1964,F,San Pablo Norte,Single,Postgraduate,Employed,14296,2,Yes,No,N/A,Relative within 4th civil degree assuming care,6,0,Eligible,High,"Cash Assistance, Educational Support",,,,,,,,,,
Marilou Aquino,34,04/20/1992,F,Patimbao,Married,College,Part-Time,5338,3,No,Yes,Mental/Psychosocial,Abandonment by spouse,36,0,Eligible,High,"Cash Assistance, Educational Support, Health Support, Livelihood Support",,,,,,,,,,
Ligaya Castillo,34,02/17/1992,F,Calios,Single,Elementary,Self-Employed,18839,0,No,No,N/A,Pregnant woman solely responsible for unborn child,0,1,Eligible,Medium,Health Support,,,,,,,,,,
Grace Ocampo,58,12/15/1968,F,Alipit,Separated,Postgraduate,Self-Employed,16722,0,No,No,N/A,Legal or de facto separation,12,0,Not Eligible,N/A,,No qualifying dependent child under the applicant's care; RA 11861 requires sole parental care and support of a child.,,,,,,,,,
Teresa Rivera,24,6/5/2002,F,San Juan,Married,High School,Self-Employed,3562,5,Yes,No,N/A,Spouse/family member/guardian of an OFW,7,0,Not Eligible,N/A,,Claimed 'Spouse/family member/guardian of an OFW' but duration is only 7 month(s); RA 11861 requires at least 12 month(s) for this category.,,,,,,,,,
Danilo Pascual,60,12/12/1966,M,Duhat,Single,Postgraduate,Self-Employed,12275,0,No,No,N/A,"Legal guardian, adoptive, or foster parent",0,0,Not Eligible,N/A,,No qualifying dependent child under the applicant's care; RA 11861 requires sole parental care and support of a child.,,,,,,,,,
Christian Santos,41,11/20/1985,M,Duhat,Married,High School,Employed,6675,4,Yes,No,N/A,Relative within 4th civil degree assuming care,36,0,Eligible,High,"Cash Assistance, Educational Support",,,,,,,,,,
Marilou Del Rosario,35,08/22/1991,F,Patimbao,Single,Postgraduate,Part-Time,7007,2,No,No,N/A,Unmarried parent who keeps and rears the child,0,0,Eligible,High,"Cash Assistance, Educational Support, Livelihood Support",,,,,,,,,,
Maria Gonzales,25,10/14/2001,F,Calios,Widow,College,Part-Time,12503,0,No,No,N/A,Relative within 4th civil degree assuming care,21,0,Not Eligible,N/A,,No qualifying dependent child under the applicant's care; RA 11861 requires sole parental care and support of a child.,,,,,,,,,
Marilou Bautista,60,11/23/1966,F,San Pablo Sur,Single,Vocational,Unemployed,170,0,No,No,N/A,Unmarried parent who keeps and rears the child,0,0,Not Eligible,N/A,,No qualifying dependent child under the applicant's care; RA 11861 requires sole parental care and support of a child.,,,,,,,,,
Danilo Aquino,31,06/28/1995,M,Bubukal,Married,High School,Unemployed,899,0,No,No,N/A,Birth of child due to rape,0,0,Not Eligible,N/A,,No qualifying dependent child under the applicant's care; RA 11861 requires sole parental care and support of a child.,,,,,,,,,
Marites Cruz,49,07/28/1977,F,Bagumbayan,Separated,College,Employed,21356,2,No,No,N/A,Legal or de facto separation,10,0,Eligible,Medium,Educational Support,,,,,,,,,,
Luzviminda Aquino,50,11/27/1976,F,San Juan,Married,College,Part-Time,8189,0,No,No,N/A,Abandonment by spouse,29,0,Not Eligible,N/A,,No qualifying dependent child under the applicant's care; RA 11861 requires sole parental care and support of a child.,,,,,,,,,
Grace Fernandez,67,10/23/1959,F,Bagumbayan,Separated,College,Part-Time,9499,0,No,No,N/A,Legal or de facto separation,25,0,Not Eligible,N/A,,No qualifying dependent child under the applicant's care; RA 11861 requires sole parental care and support of a child.,,,,,,,,,
Roberto Villanueva,61,06/18/1965,M,Alipit,Widow,College,Employed,18575,0,No,No,N/A,Death of spouse,0,0,Not Eligible,N/A,,No qualifying dependent child under the applicant's care; RA 11861 requires sole parental care and support of a child.,,,,,,,,,
Corazon Rivera,45,6/12/1981,F,Duhat,Married,Postgraduate,Self-Employed,10299,4,Yes,No,N/A,Relative within 4th civil degree assuming care,12,0,Eligible,High,"Cash Assistance, Educational Support",,,,,,,,,,
Mark Rivera,33,12/11/1993,M,Bagumbayan,Married,College,Self-Employed,14811,5,No,No,N/A,Physical or mental incapacity of spouse,0,0,Eligible,High,"Cash Assistance, Educational Support",,,,,,,,,,
Corazon Cruz,22,03/21/2004,F,Patimbao,Married,Elementary,Unemployed,2008,5,Yes,Yes,Intellectual/Developmental,Detention of spouse (3+ months) or serving sentence,29,0,Eligible,High,"Cash Assistance, Educational Support, Health Support, Livelihood Support",,,,,,,,,,
Rosalinda Aquino,24,04/18/2002,F,Bubukal,Separated,High School,Part-Time,11100,2,Yes,No,N/A,Legal or de facto separation,23,0,Eligible,High,"Cash Assistance, Educational Support, Livelihood Support",,,,,,,,,,
Arnel Castillo,28,07/18/1998,M,Patimbao,Single,College,Unemployed,768,0,No,No,N/A,Unmarried parent who keeps and rears the child,0,0,Not Eligible,N/A,,No qualifying dependent child under the applicant's care; RA 11861 requires sole parental care and support of a child.,,,,,,,,,
Julius Del Rosario,42,04/26/1984,M,Alipit,Married,Vocational,Part-Time,11466,5,Yes,No,N/A,Spouse/family member/guardian of an OFW,33,0,Eligible,High,"Cash Assistance, Educational Support, Livelihood Support",,,,,,,,,,
Ronald Dela Cruz,40,12/13/1986,M,Calios,Single,Elementary,Self-Employed,22619,0,No,No,N/A,Birth of child due to rape,0,0,Not Eligible,N/A,,No qualifying dependent child under the applicant's care; RA 11861 requires sole parental care and support of a child.,,,,,,,,,
Mark Mendoza,31,7/1/1995,M,Duhat,Married,College,Part-Time,11799,0,No,No,N/A,Detention of spouse (3+ months) or serving sentence,16,0,Not Eligible,N/A,,No qualifying dependent child under the applicant's care; RA 11861 requires sole parental care and support of a child.,,,,,,,,,
Grace Flores,59,02/13/1967,F,Patimbao,Widow,College,Part-Time,9071,1,Yes,No,N/A,"Legal guardian, adoptive, or foster parent",0,0,Eligible,High,"Cash Assistance, Educational Support, Livelihood Support",,,,,,,,,,
Corazon Castillo,38,9/3/1988,F,San Juan,Widow,High School,Employed,28024,0,No,No,N/A,"Legal guardian, adoptive, or foster parent",0,0,Not Eligible,N/A,,No qualifying dependent child under the applicant's care; RA 11861 requires sole parental care and support of a child.,,,,,,,,,
Christian Ocampo,55,8/3/1971,M,San Pablo Norte,Married,College,Unemployed,72,2,No,No,N/A,Detention of spouse (3+ months) or serving sentence,0,0,Not Eligible,N/A,,Claimed 'Detention of spouse (3+ months) or serving sentence' but duration is only 0 month(s); RA 11861 requires at least 3 month(s) for this category.,,,,,,,,,
Arnel Reyes,39,11/24/1987,M,Labuin,Married,Vocational,Part-Time,11125,0,No,Yes,Sensory (Visual/Hearing),Detention of spouse (3+ months) or serving sentence,20,0,Not Eligible,N/A,,No qualifying dependent child under the applicant's care; RA 11861 requires sole parental care and support of a child.,,,,,,,,,
Angelica Bautista,49,09/23/1977,F,Patimbao,Separated,Elementary,Part-Time,9010,0,No,No,N/A,Legal or de facto separation,36,0,Not Eligible,N/A,,No qualifying dependent child under the applicant's care; RA 11861 requires sole parental care and support of a child.,,,,,,,,,
Cristina Castillo,39,2/3/1987,F,Bagumbayan,Separated,Postgraduate,Self-Employed,6222,1,No,No,N/A,Legal or de facto separation,23,0,Eligible,High,"Cash Assistance, Educational Support",,,,,,,,,,
Grace Santos,55,05/24/1971,F,Labuin,Married,Vocational,Unemployed,1017,1,Yes,No,N/A,Spouse/family member/guardian of an OFW,17,0,Eligible,High,"Cash Assistance, Educational Support, Livelihood Support",,,,,,,,,,
Ferdinand Mendoza,25,09/15/2001,M,Bagumbayan,Married,Elementary,Self-Employed,6055,1,Yes,No,N/A,Relative within 4th civil degree assuming care,3,0,Not Eligible,N/A,,Claimed 'Relative within 4th civil degree assuming care' but duration is only 3 month(s); RA 11861 requires at least 6 month(s) for this category.,,,,,,,,,
Danilo Reyes,49,06/17/1977,M,Bagumbayan,Married,College,Self-Employed,33391,2,No,No,N/A,Birth of child due to rape,0,0,Eligible,Medium,Educational Support,,,,,,,,,,
Arnel Del Rosario,37,5/10/1989,M,Labuin,Widow,College,Part-Time,8609,3,Yes,No,N/A,Death of spouse,0,0,Eligible,High,"Cash Assistance, Educational Support, Livelihood Support",,,,,,,,,,
Edwin Rivera,59,2/10/1967,M,Bubukal,Married,College,Part-Time,7586,1,Yes,No,N/A,Abandonment by spouse,8,0,Eligible,High,"Cash Assistance, Educational Support, Livelihood Support",,,,,,,,,,
Marites Flores,61,12/27/1965,F,San Pablo Sur,Annulled,High School,Employed,32118,1,No,No,N/A,"Declaration of nullity, annulment, or divorce",0,0,Eligible,Medium,Educational Support,,,,,,,,,,
Danilo Pascual,24,9/3/2002,M,San Juan,Widow,Elementary,Self-Employed,11140,2,Yes,No,N/A,"Legal guardian, adoptive, or foster parent",0,0,Eligible,High,"Cash Assistance, Educational Support",,,,,,,,,,
Josephine Santos,21,10/11/2005,F,San Pablo Sur,Annulled,High School,Self-Employed,10276,0,No,No,N/A,"Declaration of nullity, annulment, or divorce",0,0,Not Eligible,N/A,,No qualifying dependent child under the applicant's care; RA 11861 requires sole parental care and support of a child.,,,,,,,,,
Ana Gonzales,19,03/19/2007,F,Calios,Separated,Vocational,Part-Time,7358,2,No,No,N/A,Legal or de facto separation,24,0,Eligible,High,"Cash Assistance, Educational Support, Livelihood Support",,,,,,,,,,
Danilo Rivera,67,2/12/1959,M,Patimbao,Married,Vocational,Part-Time,13429,2,Yes,No,N/A,Spouse/family member/guardian of an OFW,16,0,Eligible,High,"Cash Assistance, Educational Support, Livelihood Support",,,,,,,,,,
Maria Flores,24,9/12/2002,F,Patimbao,Separated,Vocational,Part-Time,10915,0,No,Yes,Intellectual/Developmental,Legal or de facto separation,32,0,Not Eligible,N/A,,No qualifying dependent child under the applicant's care; RA 11861 requires sole parental care and support of a child.,,,,,,,,,
Grace Villanueva,44,3/4/1982,F,San Juan,Single,College,Employed,17923,5,No,No,N/A,Unmarried parent who keeps and rears the child,0,0,Eligible,High,Educational Support,,,,,,,,,,
Ronald Castillo,26,10/6/2000,M,San Pablo Sur,Married,Vocational,Employed,11790,0,No,No,N/A,Abandonment by spouse,9,0,Not Eligible,N/A,,No qualifying dependent child under the applicant's care; RA 11861 requires sole parental care and support of a child.,,,,,,,,,
Jose Cruz,36,05/28/1990,M,Santisima Cruz,Married,College,Self-Employed,18976,0,No,No,N/A,Birth of child due to rape,0,0,Not Eligible,N/A,,No qualifying dependent child under the applicant's care; RA 11861 requires sole parental care and support of a child.,,,,,,,,,
Ramon Fernandez,65,5/11/1961,M,Calios,Married,Vocational,Unemployed,3139,4,No,No,N/A,Abandonment by spouse,35,0,Eligible,High,"Cash Assistance, Educational Support, Livelihood Support",,,,,,,,,,
Marites Garcia,56,9/6/1970,F,Duhat,Single,College,Employed,31948,0,No,No,N/A,Unmarried parent who keeps and rears the child,0,0,Not Eligible,N/A,,No qualifying dependent child under the applicant's care; RA 11861 requires sole parental care and support of a child.,,,,,,,,,
Christian Villanueva,61,5/4/1965,M,Patimbao,Married,Elementary,Unemployed,139,1,No,No,N/A,Abandonment by spouse,21,0,Eligible,High,"Cash Assistance, Educational Support, Livelihood Support",,,,,,,,,,
Luzviminda Villanueva,58,9/12/1968,F,Patimbao,Married,Elementary,Self-Employed,15187,0,No,No,N/A,Physical or mental incapacity of spouse,0,0,Not Eligible,N/A,,No qualifying dependent child under the applicant's care; RA 11861 requires sole parental care and support of a child.,,,,,,,,,
Corazon Santos,58,7/11/1968,F,Alipit,Married,Elementary,Part-Time,13066,5,Yes,No,N/A,Spouse/family member/guardian of an OFW,4,0,Not Eligible,N/A,,Claimed 'Spouse/family member/guardian of an OFW' but duration is only 4 month(s); RA 11861 requires at least 12 month(s) for this category.,,,,,,,,,
Angelica Ocampo,29,9/2/1997,F,Labuin,Single,College,Part-Time,12947,0,No,Yes,Intellectual/Developmental,"Legal guardian, adoptive, or foster parent",0,0,Not Eligible,N/A,,No qualifying dependent child under the applicant's care; RA 11861 requires sole parental care and support of a child.,,,,,,,,,
Ramon Ocampo,21,02/14/2005,M,Patimbao,Separated,Vocational,Employed,9468,3,No,No,N/A,Legal or de facto separation,1,0,Not Eligible,N/A,,Claimed 'Legal or de facto separation' but duration is only 1 month(s); RA 11861 requires at least 6 month(s) for this category.,,,,,,,,,
Noel Dela Cruz,40,08/26/1986,M,Patimbao,Annulled,College,Part-Time,8674,3,No,No,N/A,"Declaration of nullity, annulment, or divorce",0,0,Eligible,High,"Cash Assistance, Educational Support, Livelihood Support",,,,,,,,,,
Noel Ocampo,40,6/11/1986,M,Bubukal,Widow,Elementary,Part-Time,6678,0,No,Yes,Physical,"Legal guardian, adoptive, or foster parent",0,0,Not Eligible,N/A,,No qualifying dependent child under the applicant's care; RA 11861 requires sole parental care and support of a child.,,,,,,,,,
Luzviminda Bautista,35,10/25/1991,F,Patimbao,Annulled,Postgraduate,Employed,8483,5,Yes,Yes,Mental/Psychosocial,"Declaration of nullity, annulment, or divorce",0,0,Eligible,High,"Cash Assistance, Educational Support, Health Support",,,,,,,,,,
Marites Ocampo,20,7/9/2006,F,Labuin,Single,Vocational,Employed,32966,0,No,No,N/A,Pregnant woman solely responsible for unborn child,0,0,Not Eligible,N/A,,Claimed pregnancy category but not marked pregnant.,,,,,,,,,
Reynaldo Fernandez,51,10/22/1975,M,San Pablo Sur,Annulled,High School,Self-Employed,7201,4,Yes,No,N/A,"Declaration of nullity, annulment, or divorce",0,0,Eligible,High,"Cash Assistance, Educational Support",,,,,,,,,,
Reynaldo Villanueva,41,05/28/1985,M,Santisima Cruz,Single,Elementary,Self-Employed,10789,0,No,Yes,Intellectual/Developmental,Unmarried parent who keeps and rears the child,0,0,Not Eligible,N/A,,No qualifying dependent child under the applicant's care; RA 11861 requires sole parental care and support of a child.,,,,,,,,,
Marilou Torres,29,05/26/1997,F,San Juan,Married,High School,Part-Time,3825,1,Yes,Yes,Sensory (Visual/Hearing),Physical or mental incapacity of spouse,0,0,Eligible,High,"Cash Assistance, Educational Support, Health Support, Livelihood Support",,,,,,,,,,
Mark Flores,61,9/12/1965,M,Alipit,Separated,High School,Employed,25415,4,No,No,N/A,Legal or de facto separation,11,0,Eligible,High,Educational Support,,,,,,,,,,
Maria Reyes,42,08/25/1984,F,Patimbao,Single,Postgraduate,Part-Time,6432,3,Yes,No,N/A,Birth of child due to rape,0,0,Eligible,High,"Cash Assistance, Educational Support, Livelihood Support",,,,,,,,,,
Ronald Torres,38,03/25/1988,M,Patimbao,Single,Postgraduate,Employed,15862,2,Yes,No,N/A,Relative within 4th civil degree assuming care,6,0,Eligible,Medium,Educational Support,,,,,,,,,,
Christian Ocampo,45,10/28/1981,M,Bubukal,Married,High School,Unemployed,4511,2,Yes,No,N/A,Physical or mental incapacity of spouse,0,0,Eligible,High,"Cash Assistance, Educational Support, Livelihood Support",,,,,,,,,,
Luzviminda Pascual,22,02/26/2004,F,San Pablo Norte,Married,Postgraduate,Part-Time,8599,0,No,No,N/A,Physical or mental incapacity of spouse,0,0,Not Eligible,N/A,,No qualifying dependent child under the applicant's care; RA 11861 requires sole parental care and support of a child.,,,,,,,,,
Angelica Castillo,61,10/14/1965,F,San Pablo Sur,Separated,Elementary,Employed,8406,0,No,Yes,Physical,Legal or de facto separation,9,0,Not Eligible,N/A,,No qualifying dependent child under the applicant's care; RA 11861 requires sole parental care and support of a child.,,,,,,,,,
Grace Cruz,61,11/15/1965,F,Calios,Married,College,Unemployed,2156,0,No,No,N/A,"Legal guardian, adoptive, or foster parent",0,0,Not Eligible,N/A,,No qualifying dependent child under the applicant's care; RA 11861 requires sole parental care and support of a child.,,,,,,,,,
Edwin Fernandez,40,2/2/1986,M,Bagumbayan,Married,High School,Part-Time,4697,5,Yes,No,N/A,Birth of child due to rape,0,0,Eligible,High,"Cash Assistance, Educational Support, Livelihood Support",,,,,,,,,,
Ronald Cruz,20,03/27/2006,M,San Juan,Married,Postgraduate,Part-Time,3015,4,Yes,No,N/A,Relative within 4th civil degree assuming care,11,0,Eligible,High,"Cash Assistance, Educational Support, Livelihood Support",,,,,,,,,,
Marites Bautista,24,04/21/2002,F,San Pablo Sur,Single,Elementary,Self-Employed,18514,0,No,No,N/A,Pregnant woman solely responsible for unborn child,0,0,Not Eligible,N/A,,Claimed pregnancy category but not marked pregnant.,,,,,,,,,
Danilo Fernandez,33,08/26/1993,M,Bubukal,Single,High School,Part-Time,6271,1,Yes,No,N/A,Unmarried parent who keeps and rears the child,0,0,Eligible,High,"Cash Assistance, Educational Support, Livelihood Support",,,,,,,,,,
Jose Ocampo,48,10/3/1978,M,San Pablo Norte,Married,High School,Part-Time,8506,1,Yes,Yes,Physical,Spouse/family member/guardian of an OFW,4,0,Not Eligible,N/A,,Claimed 'Spouse/family member/guardian of an OFW' but duration is only 4 month(s); RA 11861 requires at least 12 month(s) for this category.,,,,,,,,,
Maria Gonzales,29,06/13/1997,F,San Juan,Married,Postgraduate,Unemployed,2219,1,Yes,No,N/A,Detention of spouse (3+ months) or serving sentence,32,0,Eligible,High,"Cash Assistance, Educational Support, Livelihood Support",,,,,,,,,,
Ana Gonzales,32,04/28/1994,F,Alipit,Widow,Postgraduate,Part-Time,9533,3,No,No,N/A,Relative within 4th civil degree assuming care,2,0,Not Eligible,N/A,,Claimed 'Relative within 4th civil degree assuming care' but duration is only 2 month(s); RA 11861 requires at least 6 month(s) for this category.,,,,,,,,,
Joy Santos,63,11/12/1963,F,Calios,Married,Vocational,Self-Employed,10536,1,Yes,No,N/A,Abandonment by spouse,36,0,Eligible,High,"Cash Assistance, Educational Support",,,,,,,,,,
Christian Del Rosario,68,04/26/1958,M,San Pablo Sur,Widow,Vocational,Part-Time,10545,2,Yes,No,N/A,Death of spouse,0,0,Eligible,High,"Cash Assistance, Educational Support, Livelihood Support",,,,,,,,,,
Ronald Pascual,43,03/14/1983,M,Duhat,Single,College,Part-Time,4202,3,No,No,N/A,Unmarried parent who keeps and rears the child,0,0,Eligible,High,"Cash Assistance, Educational Support, Livelihood Support",,,,,,,,,,
Grace Ocampo,42,08/13/1984,F,Santisima Cruz,Married,Vocational,Employed,21151,2,Yes,No,N/A,Detention of spouse (3+ months) or serving sentence,22,0,Eligible,Medium,Educational Support,,,,,,,,,,
Mark Torres,66,11/18/1960,M,Labuin,Married,High School,Part-Time,7603,3,Yes,No,N/A,Abandonment by spouse,35,0,Eligible,High,"Cash Assistance, Educational Support, Livelihood Support",,,,,,,,,,
Luzviminda Fernandez,21,10/22/2005,F,San Juan,Married,Vocational,Self-Employed,22294,1,Yes,No,N/A,Detention of spouse (3+ months) or serving sentence,3,0,Eligible,Medium,Educational Support,,,,,,,,,,
Danilo Villanueva,57,3/10/1969,M,Bagumbayan,Married,Elementary,Part-Time,8235,0,No,No,N/A,Physical or mental incapacity of spouse,0,0,Not Eligible,N/A,,No qualifying dependent child under the applicant's care; RA 11861 requires sole parental care and support of a child.,,,,,,,,,
Danilo Del Rosario,40,9/11/1986,M,Alipit,Widow,High School,Self-Employed,6349,5,Yes,Yes,Physical,Relative within 4th civil degree assuming care,34,0,Eligible,High,"Cash Assistance, Educational Support, Health Support",,,,,,,,,,
Danilo Reyes,45,03/20/1981,M,San Pablo Norte,Married,High School,Employed,19406,0,No,No,N/A,Spouse/family member/guardian of an OFW,31,0,Not Eligible,N/A,,No qualifying dependent child under the applicant's care; RA 11861 requires sole parental care and support of a child.,,,,,,,,,
Josephine Bautista,40,05/20/1986,F,Bagumbayan,Married,College,Self-Employed,13784,2,Yes,No,N/A,Detention of spouse (3+ months) or serving sentence,16,0,Eligible,High,"Cash Assistance, Educational Support",,,,,,,,,,
Jose Mendoza,22,09/13/2004,M,San Pablo Sur,Widow,Postgraduate,Self-Employed,11424,0,No,No,N/A,Death of spouse,0,0,Not Eligible,N/A,,No qualifying dependent child under the applicant's care; RA 11861 requires sole parental care and support of a child.,,,,,,,,,
Edwin Villanueva,57,07/13/1969,M,Duhat,Married,Elementary,Employed,32755,3,Yes,No,N/A,Detention of spouse (3+ months) or serving sentence,32,0,Eligible,High,Educational Support,,,,,,,,,,
Marilou Gonzales,37,03/16/1989,F,Duhat,Separated,College,Employed,38253,0,No,No,N/A,Legal or de facto separation,17,0,Not Eligible,N/A,,No qualifying dependent child under the applicant's care; RA 11861 requires sole parental care and support of a child.,,,,,,,,,
Danilo Villanueva,63,3/11/1963,M,Bubukal,Married,Elementary,Unemployed,1155,2,Yes,No,N/A,Spouse/family member/guardian of an OFW,10,0,Not Eligible,N/A,,Claimed 'Spouse/family member/guardian of an OFW' but duration is only 10 month(s); RA 11861 requires at least 12 month(s) for this category.,,,,,,,,,
Teresa Castillo,50,03/19/1976,F,Labuin,Widow,Elementary,Employed,16297,4,Yes,No,N/A,Death of spouse,0,0,Eligible,High,Educational Support,,,,,,,,,,
Danilo Salazar,25,08/18/2001,M,Duhat,Annulled,College,Unemployed,1555,3,Yes,Yes,Sensory (Visual/Hearing),"Declaration of nullity, annulment, or divorce",0,0,Eligible,High,"Cash Assistance, Educational Support, Health Support, Livelihood Support",,,,,,,,,,
Joy Aquino,51,2/11/1975,F,Bagumbayan,Annulled,College,Part-Time,6818,0,No,No,N/A,"Declaration of nullity, annulment, or divorce",0,0,Not Eligible,N/A,,No qualifying dependent child under the applicant's care; RA 11861 requires sole parental care and support of a child.,,,,,,,,,
Reynaldo Salazar,44,5/12/1982,M,Patimbao,Married,College,Employed,12679,0,No,No,N/A,Spouse/family member/guardian of an OFW,21,0,Not Eligible,N/A,,No qualifying dependent child under the applicant's care; RA 11861 requires sole parental care and support of a child.,,,,,,,,,
Ferdinand Fernandez,59,12/14/1967,M,Calios,Married,Vocational,Unemployed,1386,3,Yes,No,N/A,Relative within 4th civil degree assuming care,5,0,Not Eligible,N/A,,Claimed 'Relative within 4th civil degree assuming care' but duration is only 5 month(s); RA 11861 requires at least 6 month(s) for this category.,,,,,,,,,
Angelica Rivera,35,7/8/1991,F,Bagumbayan,Annulled,College,Employed,22081,5,Yes,No,N/A,"Declaration of nullity, annulment, or divorce",0,0,Eligible,High,Educational Support,,,,,,,,,,
Arnel Torres,61,10/6/1965,M,San Pablo Norte,Married,Vocational,Part-Time,11944,5,Yes,No,N/A,Detention of spouse (3+ months) or serving sentence,22,0,Eligible,High,"Cash Assistance, Educational Support, Livelihood Support",,,,,,,,,,
Grace Castillo,38,01/21/1988,F,Labuin,Single,Vocational,Employed,15040,0,No,No,N/A,"Legal guardian, adoptive, or foster parent",0,0,Not Eligible,N/A,,No qualifying dependent child under the applicant's care; RA 11861 requires sole parental care and support of a child.,,,,,,,,,
Angelica Santos,24,5/8/2002,F,Alipit,Single,High School,Employed,13523,0,No,No,N/A,Pregnant woman solely responsible for unborn child,0,0,Not Eligible,N/A,,Claimed pregnancy category but not marked pregnant.,,,,,,,,,
Edwin Ramos,24,1/1/2002,M,Calios,Single,College,Employed,29056,5,Yes,No,N/A,Relative within 4th civil degree assuming care,10,0,Eligible,High,Educational Support,,,,,,,,,,
Ligaya Flores,56,03/15/1970,F,Patimbao,Married,High School,Self-Employed,12931,5,Yes,No,N/A,Spouse/family member/guardian of an OFW,41,0,Eligible,High,"Cash Assistance, Educational Support",,,,,,,,,,
Josephine Pascual,58,04/19/1968,F,Patimbao,Married,Elementary,Self-Employed,12707,3,Yes,No,N/A,Spouse/family member/guardian of an OFW,3,0,Not Eligible,N/A,,Claimed 'Spouse/family member/guardian of an OFW' but duration is only 3 month(s); RA 11861 requires at least 12 month(s) for this category.,,,,,,,,,
Mark Ocampo,65,04/19/1961,M,Alipit,Annulled,College,Part-Time,8667,5,Yes,No,N/A,"Declaration of nullity, annulment, or divorce",0,0,Eligible,High,"Cash Assistance, Educational Support, Livelihood Support",,,,,,,,,,
Grace Pascual,61,11/5/1965,F,Alipit,Married,College,Unemployed,138,2,Yes,No,N/A,"Legal guardian, adoptive, or foster parent",0,0,Eligible,High,"Cash Assistance, Educational Support, Livelihood Support",,,,,,,,,,
Angelica Garcia,65,1/11/1961,F,Santisima Cruz,Married,Elementary,Unemployed,3706,0,No,Yes,Intellectual/Developmental,Physical or mental incapacity of spouse,0,0,Not Eligible,N/A,,No qualifying dependent child under the applicant's care; RA 11861 requires sole parental care and support of a child.,,,,,,,,,
Ferdinand Fernandez,33,02/19/1993,M,Bagumbayan,Married,Vocational,Employed,9788,5,Yes,No,N/A,Abandonment by spouse,2,0,Not Eligible,N/A,,Claimed 'Abandonment by spouse' but duration is only 2 month(s); RA 11861 requires at least 6 month(s) for this category.,,,,,,,,,
Julius Aquino,68,2/12/1958,M,Bagumbayan,Annulled,High School,Self-Employed,13782,3,Yes,No,N/A,"Declaration of nullity, annulment, or divorce",0,0,Eligible,High,"Cash Assistance, Educational Support",,,,,,,,,,
Marites Mendoza,48,10/22/1978,F,Bagumbayan,Single,College,Part-Time,5318,0,No,No,N/A,Birth of child due to rape,0,0,Not Eligible,N/A,,No qualifying dependent child under the applicant's care; RA 11861 requires sole parental care and support of a child.,,,,,,,,,
Analyn Cruz,62,07/25/1964,F,Calios,Married,High School,Employed,20839,0,No,No,N/A,Spouse/family member/guardian of an OFW,17,0,Not Eligible,N/A,,No qualifying dependent child under the applicant's care; RA 11861 requires sole parental care and support of a child.,,,,,,,,,
Cristina Mendoza,43,1/7/1983,F,Santisima Cruz,Single,Elementary,Self-Employed,17254,0,No,No,N/A,Unmarried parent who keeps and rears the child,0,0,Not Eligible,N/A,,No qualifying dependent child under the applicant's care; RA 11861 requires sole parental care and support of a child.,,,,,,,,,
Marites Dela Cruz,54,08/22/1972,F,Patimbao,Married,High School,Employed,13187,0,No,No,N/A,Physical or mental incapacity of spouse,0,0,Not Eligible,N/A,,No qualifying dependent child under the applicant's care; RA 11861 requires sole parental care and support of a child.,,,,,,,,,
Teresa Cruz,59,04/22/1967,F,Duhat,Married,Postgraduate,Part-Time,13488,0,No,No,N/A,Physical or mental incapacity of spouse,0,0,Not Eligible,N/A,,No qualifying dependent child under the applicant's care; RA 11861 requires sole parental care and support of a child.,,,,,,,,,
Rosalinda Ocampo,22,12/18/2004,F,San Pablo Norte,Married,Elementary,Unemployed,2246,4,Yes,No,N/A,Detention of spouse (3+ months) or serving sentence,29,0,Eligible,High,"Cash Assistance, Educational Support, Livelihood Support",,,,,,,,,,
Arnel Garcia,48,4/2/1978,M,Bagumbayan,Single,College,Self-Employed,12804,2,Yes,No,N/A,Unmarried parent who keeps and rears the child,0,0,Eligible,High,"Cash Assistance, Educational Support",,,,,,,,,,
Reynaldo Gonzales,49,02/21/1977,M,San Pablo Sur,Married,High School,Self-Employed,18333,0,No,No,N/A,Spouse/family member/guardian of an OFW,6,0,Not Eligible,N/A,,Claimed 'Spouse/family member/guardian of an OFW' but duration is only 6 month(s); RA 11861 requires at least 12 month(s) for this category.,,,,,,,,,
Marilou Villanueva,43,1/9/1983,F,Labuin,Annulled,Elementary,Self-Employed,11294,5,No,No,N/A,"Declaration of nullity, annulment, or divorce",0,0,Eligible,High,"Cash Assistance, Educational Support",,,,,,,,,,
Dominic Reyes,42,07/22/1984,M,Duhat,Married,Vocational,Unemployed,4325,0,No,No,N/A,Birth of child due to rape,0,0,Not Eligible,N/A,,No qualifying dependent child under the applicant's care; RA 11861 requires sole parental care and support of a child.,,,,,,,,,
Ana Salazar,34,10/18/1992,F,Alipit,Separated,High School,Part-Time,8920,5,Yes,Yes,Sensory (Visual/Hearing),Legal or de facto separation,26,0,Eligible,High,"Cash Assistance, Educational Support, Health Support, Livelihood Support",,,,,,,,,,
Rosalinda Ocampo,25,8/7/2001,F,Duhat,Single,Postgraduate,Part-Time,9600,0,No,No,N/A,Pregnant woman solely responsible for unborn child,0,1,Eligible,High,"Cash Assistance, Livelihood Support",,,,,,,,,,
Roberto Aquino,20,8/1/2006,M,San Juan,Married,Elementary,Self-Employed,9043,0,No,No,N/A,Birth of child due to rape,0,0,Not Eligible,N/A,,No qualifying dependent child under the applicant's care; RA 11861 requires sole parental care and support of a child.,,,,,,,,,
Christian Villanueva,61,01/15/1965,M,San Juan,Single,Vocational,Employed,14616,0,No,No,N/A,Unmarried parent who keeps and rears the child,0,0,Not Eligible,N/A,,No qualifying dependent child under the applicant's care; RA 11861 requires sole parental care and support of a child.,,,,,,,,,
